AccountId,ParentAccountRef,Type,Code,Title,Title_En,IsActive,CashFlowCategory,OpeningBalance,BalanceType,HasBalanceTypeCheck,HasDL,HasCurrency,HasCurrencyConversion,HasTracking,HasTrackingCheck,Version,Creator,CreationDate,LastModifier,LastModificationDate,ShowInCompanyDashboard,ShowInAccountAnalysisReport
-5,,0,0,حسابها,حسابها,True,0,,3,False,False,False,False,False,False,0,1,2018-03-05 13:34:02.503000,1,2018-03-05 13:34:02.503000,False,False
465,-5,1,11,داراييهاي غيرجاري,داراييهاي غيرجاري,True,0,,1,False,False,False,False,False,False,1,1,2024-03-03 11:47:12,1,2024-03-03 11:47:12,False,False
466,-5,1,12,داراييهاي جاري,داراييهاي جاري,True,0,,1,False,False,False,False,False,False,1,1,2024-03-03 11:47:12,1,2024-03-03 11:47:12,False,False
467,-5,1,21,حقوق صاحبان سهام,حقوق صاحبان سهام,True,0,,1,False,False,False,False,False,False,1,1,2024-03-03 11:47:13,1,2024-03-03 11:47:13,False,False
468,-5,1,31,بدهيهاي غير جاري,بدهيهاي غير جاري,True,0,,1,False,False,False,False,False,False,1,1,2024-03-03 11:47:13,1,2024-03-03 11:47:13,False,False
469,-5,1,32,بدهيهاي جاري,بدهيهاي جاري,True,0,,1,False,False,False,False,False,False,1,1,2024-03-03 11:47:13,1,2024-03-03 11:47:13,False,False
470,-5,1,41,فروش و درآمدها,فروش و درآمدها,True,0,,2,False,False,False,False,False,False,1,1,2024-03-03 11:47:13,1,2024-03-03 11:47:13,False,False
471,-5,1,51,بهاي تمام شده كالاي فروش رفته - مخارج پيمان,بهاي تمام شده كالاي فروش رفته - مخارج پيمان,True,0,,2,False,False,False,False,False,False,2,1,2024-03-03 11:47:13,1,2024-03-03 12:31:31,False,False
472,-5,1,61,هزينه هاي فعاليت,هزينه هاي فعاليت,True,0,,2,False,False,False,False,False,False,1,1,2024-03-03 11:47:13,1,2024-03-03 11:47:13,False,False
473,-5,1,62,ساير هزينه ها و درآمدهاي غير عملياتي,ساير هزينه ها و درآمدهاي غير عملياتي,True,0,,2,False,False,False,False,False,False,1,1,2024-03-03 11:47:13,1,2024-03-03 11:47:13,False,False
474,-5,1,91,حسابهاي انتظامي,حسابهاي انتظامي,True,0,,3,False,False,False,False,False,False,1,1,2024-03-03 11:47:13,1,2024-03-03 11:47:13,False,False
603,466,2,10,موجودي نقد وبانك,موجودي نقد وبانك,True,0,,1,False,False,False,False,False,False,1,1,2024-03-03 12:00:21,1,2024-03-03 12:00:21,False,False
604,466,2,11,سپرده هاي كوتاه مدت,سپرده هاي كوتاه مدت,True,0,,1,False,False,False,False,False,False,1,1,2024-03-03 12:00:21,1,2024-03-03 12:00:21,False,False
605,466,2,12,حسابهاو اسناد دريافتني,حسابهاو اسناد دريافتني,True,0,,1,False,False,False,False,False,False,1,1,2024-03-03 12:00:23,1,2024-03-03 12:00:23,False,False
606,466,2,13,ساير حسابهاي دريافتني,ساير حسابهاي دريافتني,True,0,,1,False,False,False,False,False,False,1,1,2024-03-03 12:00:23,1,2024-03-03 12:00:23,False,False
607,466,2,14,سرمايه گذاري‌هاي كوتاه مدت,سرمايه گذاري‌هاي كوتاه مدت,True,0,,1,False,False,False,False,False,False,1,1,2024-03-03 12:00:23,1,2024-03-03 12:00:23,False,False
608,466,2,15,موجودي موادوكالا,موجودي موادوكالا,True,0,,1,False,False,False,False,False,False,1,1,2024-03-03 12:00:23,1,2024-03-03 12:00:23,False,False
609,466,2,16,كار درجريان ساخت,كار درجريان ساخت,True,0,,1,False,False,False,False,False,False,1,1,2024-03-03 12:00:23,1,2024-03-03 12:00:23,False,False
610,466,2,17,سفارشات واقلام در راه,سفارشات واقلام در راه,True,0,,1,False,False,False,False,False,False,1,1,2024-03-03 12:00:25,1,2024-03-03 12:00:25,False,False
611,466,2,18,پيش پرداختها,پيش پرداختها,True,0,,1,False,False,False,False,False,False,1,1,2024-03-03 12:00:25,1,2024-03-03 12:00:25,False,False
612,465,2,10,دارايي‌هاي ثابت,دارايي‌هاي ثابت,True,0,,1,False,False,False,False,False,False,1,1,2024-03-03 12:00:25,1,2024-03-03 12:00:25,False,False
613,465,2,11,استهلاك انباشته,استهلاك انباشته,True,0,,2,False,False,False,False,False,False,1,1,2024-03-03 12:00:27,1,2024-03-03 12:00:27,False,False
614,465,2,12,سپرده‌هاو مطالبات بلند مدت,سپرده‌هاو مطالبات بلند مدت,True,0,,1,False,False,False,False,False,False,1,1,2024-03-03 12:00:27,1,2024-03-03 12:00:27,False,False
615,465,2,13,ساير دارائيها,ساير دارائيها,True,0,,1,False,False,False,False,False,False,1,1,2024-03-03 12:00:27,1,2024-03-03 12:00:27,False,False
616,469,2,10,حسابها و اسناد پرداختني,حسابها و اسناد پرداختني,True,0,,2,False,False,False,False,False,False,1,1,2024-03-03 12:00:27,1,2024-03-03 12:00:27,False,False
617,469,2,11,ساير حسابهاي پرداختني,ساير حسابهاي پرداختني,True,0,,2,False,False,False,False,False,False,1,1,2024-03-03 12:00:27,1,2024-03-03 12:00:27,False,False
618,469,2,12,پيش‌دريافتها,پيش‌دريافتها,True,0,,2,False,False,False,False,False,False,1,1,2024-03-03 12:00:27,1,2024-03-03 12:00:27,False,False
619,469,2,13,ذخيره ماليات,ذخيره ماليات,True,0,,2,False,False,False,False,False,False,1,1,2024-03-03 12:00:28,1,2024-03-03 12:00:28,False,False
620,469,2,14, ساير ذخاير, ساير ذخاير,True,0,,2,False,False,False,False,False,False,1,1,2024-03-03 12:00:28,1,2024-03-03 12:00:28,False,False
621,468,2,10, حسابها و اسناد پرداختني بلند مدت, حسابها و اسناد پرداختني بلند مدت,True,0,,2,False,False,False,False,False,False,1,1,2024-03-03 12:00:28,1,2024-03-03 12:00:28,False,False
622,468,2,11,تسهيلات مالي دريافتي بلند مدت,تسهيلات مالي دريافتي بلند مدت,True,0,,2,False,False,False,False,False,False,1,1,2024-03-03 12:00:28,1,2024-03-03 12:00:28,False,False
623,468,2,12, ذخيره مزاياي پايان خدمت كاركنان, ذخيره مزاياي پايان خدمت كاركنان,True,0,,2,False,False,False,False,False,False,1,1,2024-03-03 12:00:28,1,2024-03-03 12:00:28,False,False
624,467,2,10,سرمايه,سرمايه,True,0,,2,False,False,False,False,False,False,1,1,2024-03-03 12:00:28,1,2024-03-03 12:00:28,False,False
625,467,2,11,اندوخته قانوني,اندوخته قانوني,True,0,,2,False,False,False,False,False,False,1,1,2024-03-03 12:00:28,1,2024-03-03 12:00:28,False,False
626,467,2,12,سود (زيان) انباشته,سود (زيان) انباشته,True,0,,2,False,False,False,False,False,False,1,1,2024-03-03 12:00:28,1,2024-03-03 12:00:28,False,False
627,467,2,13,سود (زيان) جاري,سود (زيان) جاري,True,0,,2,False,False,False,False,False,False,1,1,2024-03-03 12:00:28,1,2024-03-03 12:00:28,False,False
628,467,2,14,تقسيم سود,تقسيم سود,True,0,,2,False,False,False,False,False,False,1,1,2024-03-03 12:00:28,1,2024-03-03 12:00:28,False,False
629,470,2,10,فروش,فروش,True,0,,2,False,False,False,False,False,False,1,1,2024-03-03 12:00:28,1,2024-03-03 12:00:28,False,False
630,470,2,11,برگشت از فروش وتخفيفات,برگشت از فروش وتخفيفات,True,0,,1,False,False,False,False,False,False,1,1,2024-03-03 12:00:28,1,2024-03-03 12:00:28,False,False
631,470,2,12,ساير درآمد‌ها و هزينه‌هاي عملياتي,ساير درآمد‌ها و هزينه‌هاي عملياتي,True,0,,2,False,False,False,False,False,False,1,1,2024-03-03 12:00:28,1,2024-03-03 12:00:28,False,False
632,471,2,10,بهاي تمام شده كالاي فروش رفته,بهاي تمام شده كالاي فروش رفته,True,0,,1,False,False,False,False,False,False,1,1,2024-03-03 12:00:28,1,2024-03-03 12:00:28,False,False
633,472,2,10,هزينه هاي حقوق ودستمزد,هزينه هاي حقوق ودستمزد,True,0,,1,False,False,False,False,False,False,1,1,2024-03-03 12:00:28,1,2024-03-03 12:00:28,False,False
634,472,2,11,هزينه هاي كاركنان,هزينه هاي كاركنان,True,0,,1,False,False,False,False,False,False,1,1,2024-03-03 12:00:28,1,2024-03-03 12:00:28,False,False
635,472,2,12,هزينه هاي عملياتي,هزينه هاي عملياتي,True,0,,1,False,False,False,False,False,False,1,1,2024-03-03 12:00:28,1,2024-03-03 12:00:28,False,False
636,472,2,13,هزينه‌هاي‌ استهلاك,هزينه‌هاي‌ استهلاك,True,0,,1,False,False,False,False,False,False,1,1,2024-03-03 12:00:28,1,2024-03-03 12:00:28,False,False
637,473,2,10,هزينه‌هاي بازاريابي و توزيع و فروش,هزينه‌هاي بازاريابي و توزيع و فروش,True,0,,1,False,False,False,False,False,False,1,1,2024-03-03 12:00:28,1,2024-03-03 12:00:28,False,False
638,473,2,11,هزينه هاي مالي,هزينه هاي مالي,True,0,,1,False,False,False,False,False,False,1,1,2024-03-03 12:00:29,1,2024-03-03 12:00:29,False,False
639,473,2,13,ساير هزينه ها و درآمدهاي غير عملياتي,ساير هزينه ها و درآمدهاي غير عملياتي,True,0,,1,False,False,False,False,False,False,2,1,2024-03-03 12:00:30,1,2024-03-03 12:11:43,False,False
640,474,2,10,حسابهاي انتظامي به نفع شركت,حسابهاي انتظامي به نفع شركت,True,0,,3,False,False,False,False,False,False,1,1,2024-03-03 12:00:30,1,2024-03-03 12:00:30,False,False
641,474,2,11,حسابهاي انتظامي به عهده شركت,حسابهاي انتظامي به عهده شركت,True,0,,3,False,False,False,False,False,False,1,1,2024-03-03 12:00:30,1,2024-03-03 12:00:30,False,False
642,474,2,12,طرف حسابهاي انتظامي,طرف حسابهاي انتظامي,True,0,,3,False,False,False,False,False,False,1,1,2024-03-03 12:00:32,1,2024-03-03 12:00:32,False,False
643,465,2,14,دارايي هاي در دست تكميل,دارايي هاي در دست تكميل,True,0,,1,False,False,False,False,False,False,1,1,2024-03-03 12:00:32,1,2024-03-03 12:00:32,False,False
644,467,2,15,جاري شركاء,جاري شركاء,True,0,,2,False,False,False,False,False,False,1,1,2024-03-03 12:00:32,1,2024-03-03 12:00:32,False,False
645,603,3,03,تنخواه گردانهاي ريالي,تنخواه گردانهاي ريالي,True,0,,1,True,True,False,False,True,False,1,1,2024-03-03 12:01:29,1,2024-03-03 12:01:29,False,False
646,603,3,04,تنخواه گردانهاي ارزي,تنخواه گردانهاي ارزي,False,0,,1,True,True,True,True,True,False,2,1,2024-03-03 12:01:30,1,2026-03-16 12:37:58,False,False
647,603,3,09,وجوه در راه,وجوه در راه,True,0,,1,False,False,False,False,False,False,1,1,2024-03-03 12:01:30,1,2024-03-03 12:01:30,False,False
648,603,3,10,موجودي واريز نامه هاي ارزي,موجودي واريز نامه هاي ارزي,True,0,,1,False,False,True,False,True,False,1,1,2024-03-03 12:01:30,1,2024-03-03 12:01:30,False,False
649,604,3,01,سپرده هاي گمركي,سپرده هاي گمركي,True,0,,1,False,True,False,False,False,False,1,1,2024-03-03 12:01:30,1,2024-03-03 12:01:30,False,False
650,604,3,02,سپرده ضمانتنامه هاي بانكي,سپرده ضمانتنامه هاي بانكي,True,0,,1,False,True,False,False,False,False,1,1,2024-03-03 12:01:30,1,2024-03-03 12:01:30,False,False
651,604,3,03,ساير سپرده‌ها,ساير سپرده‌ها,True,0,,2,False,True,False,False,False,False,1,1,2024-03-03 12:01:30,1,2024-03-03 12:01:30,False,False
652,605,3,05,ذخيره مطالبات مشكوك الوصول,ذخيره مطالبات مشكوك الوصول,True,0,,2,False,True,False,False,False,False,1,1,2024-03-03 12:01:30,1,2024-03-03 12:01:30,False,False
653,606,3,01,مساعده حقوق,مساعده حقوق,True,0,,1,False,True,False,False,False,False,1,1,2024-03-03 12:01:30,1,2024-03-03 12:01:30,False,False
654,606,3,02,وام  كاركنان,وام  كاركنان,True,0,,1,False,True,False,False,False,False,1,1,2024-03-03 12:01:30,1,2024-03-03 12:01:30,False,False
655,607,3,01,سپرده‌هاي كوتاه مدت نزدبانكها,سپرده‌هاي كوتاه مدت نزدبانكها,True,0,,1,False,True,False,False,False,False,1,1,2024-03-03 12:01:30,1,2024-03-03 12:01:30,False,False
656,608,3,01,موجودي مواد اوليه,موجودي مواد اوليه,True,0,,1,False,False,False,False,False,False,1,1,2024-03-03 12:01:30,1,2024-03-03 12:01:30,False,False
657,608,3,02,موجودي قطعات و لوازم يدكي,موجودي قطعات و لوازم يدكي,True,0,,1,False,False,False,False,False,False,1,1,2024-03-03 12:01:30,1,2024-03-03 12:01:30,False,False
658,608,3,03,موجودي محصولات,موجودي محصولات,True,0,,1,False,False,False,False,False,False,1,1,2024-03-03 12:01:30,1,2024-03-03 12:01:30,False,False
659,608,3,07,كالاي اماني ما نزد ديگران,كالاي اماني ما نزد ديگران,True,0,,1,False,False,False,False,False,False,2,1,2024-03-03 12:01:30,10,2026-05-25 16:55:51,False,False
660,610,3,01,بهاي اصلي سفارش,بهاي اصلي سفارش,True,0,,1,True,True,False,False,False,False,1,1,2024-03-03 12:01:30,1,2024-03-03 12:01:30,False,False
661,610,3,02,هزينه هاي ثبت سفارش,هزينه هاي ثبت سفارش,True,0,,1,True,True,False,False,False,False,1,1,2024-03-03 12:01:30,1,2024-03-03 12:01:30,False,False
662,610,3,03,هزينه هاي بيمه سفارش,هزينه هاي بيمه سفارش,True,0,,1,True,True,False,False,False,False,1,1,2024-03-03 12:01:30,1,2024-03-03 12:01:30,False,False
663,610,3,04,هزينه هاي بانكي سفارش,هزينه هاي بانكي سفارش,True,0,,1,True,True,False,False,False,False,1,1,2024-03-03 12:01:30,1,2024-03-03 12:01:30,False,False
664,610,3,05,هزينه هاي گمركي,هزينه هاي گمركي,True,0,,1,True,True,False,False,False,False,1,1,2024-03-03 12:01:30,1,2024-03-03 12:01:30,False,False
665,610,3,06,حقوق وعوارض بندري,حقوق وعوارض بندري,True,0,,1,True,True,False,False,False,False,1,1,2024-03-03 12:01:30,1,2024-03-03 12:01:30,False,False
666,610,3,07,هزينه بازرسي گمركي,هزينه بازرسي گمركي,True,0,,1,True,True,False,False,False,False,1,1,2024-03-03 12:01:30,1,2024-03-03 12:01:30,False,False
667,610,3,08,هزينه حق العمل ترخيص,هزينه حق العمل ترخيص,True,0,,1,True,True,False,False,False,False,1,1,2024-03-03 12:01:30,1,2024-03-03 12:01:30,False,False
668,610,3,09,هزينه حمل گمركي,هزينه حمل گمركي,True,0,,1,True,True,False,False,False,False,1,1,2024-03-03 12:01:31,1,2024-03-03 12:01:31,False,False
669,610,3,10,ساير هزينه هاي گمركي,ساير هزينه هاي گمركي,True,0,,1,True,True,False,False,False,False,1,1,2024-03-03 12:01:31,1,2024-03-03 12:01:31,False,False
670,611,3,01,پيش پرداخت خريد موجودي ها,پيش پرداخت خريد موجودي ها,True,0,,1,True,True,False,False,False,False,1,1,2024-03-03 12:01:31,1,2024-03-03 12:01:31,False,False
671,611,3,02,پيش پرداخت خريد دارايي هاي ثابت,پيش پرداخت خريد دارايي هاي ثابت,True,0,,1,True,True,False,False,False,False,1,1,2024-03-03 12:01:31,1,2024-03-03 12:01:31,False,False
672,611,3,04,پيش پرداخت هزينه‌هاي جاري,پيش پرداخت هزينه‌هاي جاري,True,0,,1,True,True,False,False,False,False,1,1,2024-03-03 12:01:31,1,2024-03-03 12:01:31,False,False
673,611,3,08,پيش پرداخت ماليات,پيش پرداخت ماليات,True,0,,1,True,True,False,False,False,False,1,1,2024-03-03 12:01:31,1,2024-03-03 12:01:31,False,False
674,611,3,09,پيش پرداخت اجاره,پيش پرداخت اجاره,True,0,,1,True,True,False,False,False,False,1,1,2024-03-03 12:01:31,1,2024-03-03 12:01:31,False,False
675,611,3,10,پيش پرداخت هزينه سود وكارمزدوامها,پيش پرداخت هزينه سود وكارمزدوامها,True,0,,1,True,True,False,False,False,False,1,1,2024-03-03 12:01:31,1,2024-03-03 12:01:31,False,False
676,612,3,01,زمين,زمين,True,0,,1,True,False,False,False,False,False,1,1,2024-03-03 12:01:31,1,2024-03-03 12:01:31,False,False
677,612,3,02,ساختمانها,ساختمانها,True,0,,1,True,False,False,False,False,False,1,1,2024-03-03 12:01:31,1,2024-03-03 12:01:31,False,False
678,612,3,03,تاسيسات,تاسيسات,True,0,,1,True,False,False,False,False,False,1,1,2024-03-03 12:01:31,1,2024-03-03 12:01:31,False,False
679,612,3,04,ماشين آلات و تجهيزات توليد,ماشين آلات و تجهيزات توليد,True,0,,1,True,False,False,False,False,False,1,1,2024-03-03 12:01:31,1,2024-03-03 12:01:31,False,False
680,612,3,06,وسائط نقليه,وسائط نقليه,True,0,,1,True,False,False,False,False,False,1,1,2024-03-03 12:01:31,1,2024-03-03 12:01:31,False,False
681,612,3,07,اثاثيه ومنصوبات,اثاثيه ومنصوبات,True,0,,1,True,False,False,False,False,False,1,1,2024-03-03 12:01:31,1,2024-03-03 12:01:31,False,False
682,613,3,01,استهلاك انباشته ساختمانها,استهلاك انباشته ساختمانها,True,0,,2,True,False,False,False,False,False,1,1,2024-03-03 12:01:31,1,2024-03-03 12:01:31,False,False
683,613,3,02,استهلاك انباشته تاسيسات,استهلاك انباشته تاسيسات,True,0,,2,True,False,False,False,False,False,1,1,2024-03-03 12:01:31,1,2024-03-03 12:01:31,False,False
684,613,3,03,استهلاك انباشته ماشين آلات و تجهيزات,استهلاك انباشته ماشين آلات و تجهيزات,True,0,,2,True,False,False,False,False,False,1,1,2024-03-03 12:01:31,1,2024-03-03 12:01:31,False,False
685,613,3,05,استهلاك انباشته وسائط نقليه,استهلاك انباشته وسائط نقليه,True,0,,2,True,False,False,False,False,False,1,1,2024-03-03 12:01:31,1,2024-03-03 12:01:31,False,False
686,613,3,06,استهلاك انباشته اثاثيه و منصوبات,استهلاك انباشته اثاثيه و منصوبات,True,0,,2,True,False,False,False,False,False,1,1,2024-03-03 12:01:31,1,2024-03-03 12:01:31,False,False
687,614,3,02,سپرده‌هاي بلند مدت نزد بانكها,سپرده‌هاي بلند مدت نزد بانكها,True,0,,1,False,True,False,False,False,False,2,1,2024-03-03 12:01:31,1,2024-03-03 12:19:09,False,False
688,615,3,01,حق الامتيازها و ودايع,حق الامتيازها و ودايع,True,0,,1,False,False,False,False,False,False,2,1,2024-03-03 12:01:32,1,2024-03-03 12:16:20,False,False
689,616,3,04,كالاي اماني ديگران نزد ما,كالاي اماني ديگران نزد ما,True,0,,2,False,True,False,False,False,False,1,1,2024-03-03 12:01:32,1,2024-03-03 12:01:32,False,False
690,616,3,03,اسنادپرداختني ارزي,اسنادپرداختني ارزي,True,0,,2,False,True,True,False,True,False,1,1,2024-03-03 12:01:32,1,2024-03-03 12:01:32,False,False
691,617,3,01,ماليات بر در آمدشركت,ماليات بر در آمدشركت,True,0,,2,False,True,False,False,False,False,1,1,2024-03-03 12:01:32,1,2024-03-03 12:01:32,False,False
692,617,3,02,ماليات پرداختني حقوق ودستمزد كاركنان,ماليات پرداختني حقوق ودستمزد كاركنان,True,0,,2,False,True,False,False,False,False,1,1,2024-03-03 12:01:32,1,2024-03-03 12:01:32,False,False
693,617,3,03,ماليات پرداختني تكليفي اشخاص ثالث,ماليات پرداختني تكليفي اشخاص ثالث,True,0,,2,False,True,False,False,False,False,1,1,2024-03-03 12:01:32,1,2024-03-03 12:01:32,False,False
694,617,3,04,سازمان تامين اجتماعي – حق بيمه پرداختني كاركنان,سازمان تامين اجتماعي – حق بيمه پرداختني كاركنان,True,0,,2,False,True,False,False,False,False,1,1,2024-03-03 12:01:32,1,2024-03-03 12:01:32,False,False
695,617,3,05,سازمان تامين اجتماعي – حق بيمه پرداختني اشخاص ثالث,سازمان تامين اجتماعي – حق بيمه پرداختني اشخاص ثالث,True,0,,2,False,True,False,False,False,False,1,1,2024-03-03 12:01:32,1,2024-03-03 12:01:32,False,False
696,617,3,06,بيمه عمر وحوادث كاركنان,بيمه عمر وحوادث كاركنان,True,0,,2,False,True,False,False,False,False,1,1,2024-03-03 12:01:32,1,2024-03-03 12:01:32,False,False
697,617,3,07,حقوق ودستمزد پرداختني,حقوق ودستمزد پرداختني,True,0,,2,False,True,False,False,False,False,1,1,2024-03-03 12:01:32,1,2024-03-03 12:01:32,False,False
698,617,3,08,بدهي به پيمانكاران,بدهي به پيمانكاران,True,0,,2,False,True,False,False,False,False,1,1,2024-03-03 12:01:32,1,2024-03-03 12:01:32,False,False
699,617,3,09,عيدي وپاداش پرداختني,عيدي وپاداش پرداختني,True,0,,2,False,True,False,False,False,False,1,1,2024-03-03 12:01:32,1,2024-03-03 12:01:32,False,False
700,617,3,10,هزينه‌ هاي پرداختني,هزينه‌ هاي پرداختني,True,0,,2,False,False,False,False,False,False,1,1,2024-03-03 12:01:32,1,2024-03-03 12:01:32,False,False
701,617,3,11,روند حقوق,روند حقوق,True,0,,2,False,False,False,False,False,False,1,1,2024-03-03 12:01:32,1,2024-03-03 12:01:32,False,False
702,618,3,01,پيش دريافت فروش محصولات,پيش دريافت فروش محصولات,True,0,,2,False,True,False,False,False,False,2,1,2024-03-03 12:01:32,1,2024-03-03 12:54:20,False,False
703,618,3,09,ساير پيش‌دريافتها,ساير پيش‌دريافتها,True,0,,2,False,True,False,False,False,False,2,1,2024-03-03 12:01:32,1,2024-03-03 12:54:45,False,False
704,619,3,01,ذخيره ماليات,ذخيره ماليات,True,0,,2,False,False,False,False,False,False,2,1,2024-03-03 12:01:32,1,2024-03-03 13:01:41,False,False
707,621,3,02,اسنادپرداختني بلند مدت ريالي,اسنادپرداختني بلند مدت ريالي,True,0,,2,False,True,False,False,False,False,1,1,2024-03-03 12:01:33,1,2024-03-03 12:01:33,False,False
708,621,3,03,اسنادپرداختني بلند مدت ارزي,اسنادپرداختني بلند مدت ارزي,True,0,,2,False,True,True,False,True,False,1,1,2024-03-03 12:01:33,1,2024-03-03 12:01:33,False,False
709,621,3,01,حسابهاي پرداختني بلند مدت,حسابهاي پرداختني بلند مدت,True,0,,2,False,True,False,False,False,False,1,1,2024-03-03 12:01:33,1,2024-03-03 12:01:33,False,False
710,622,3,01,وامهاي پرداختني بلند مدت - فروش اقساطي,وامهاي پرداختني بلند مدت - فروش اقساطي,True,0,,2,False,True,False,False,False,False,1,1,2024-03-03 12:01:33,1,2024-03-03 12:01:33,False,False
711,622,3,02,وامهاي پرداختني بلند مدت - سلف,وامهاي پرداختني بلند مدت - سلف,True,0,,2,False,True,False,False,False,False,1,1,2024-03-03 12:01:33,1,2024-03-03 12:01:33,False,False
712,623,3,01, ذخيره مزاياي پايان خدمت كاركنان, ذخيره مزاياي پايان خدمت كاركنان,True,0,,2,False,True,False,False,False,False,1,1,2024-03-03 12:01:33,1,2024-03-03 12:01:33,False,False
713,624,3,01,سرمايه,سرمايه,True,0,,2,False,False,False,False,False,False,1,1,2024-03-03 12:01:33,1,2024-03-03 12:01:33,False,False
714,625,3,01,اندوخته قانوني,اندوخته قانوني,True,0,,2,False,False,False,False,False,False,1,1,2024-03-03 12:01:33,1,2024-03-03 12:01:33,False,False
715,626,3,01,سود (زيان) انباشته,سود (زيان) انباشته,True,0,,2,False,False,False,False,False,False,1,1,2024-03-03 12:01:33,1,2024-03-03 12:01:33,False,False
716,627,3,01,سود (زيان) جاري,سود (زيان) جاري,True,0,,2,False,False,False,False,False,False,1,1,2024-03-03 12:01:33,1,2024-03-03 12:01:33,False,False
717,628,3,01,تقسيم سود,تقسيم سود,True,0,,2,False,True,False,False,False,False,1,1,2024-03-03 12:01:33,1,2024-03-03 12:01:33,False,False
718,631,3,01,سود و زيان فروش ضايعات,سود و زيان فروش ضايعات,True,0,,2,False,False,False,False,False,False,1,1,2024-03-03 12:01:33,1,2024-03-03 12:01:33,False,False
719,632,3,02,بهاي تمام شده كالاي فروش رفته خارجي محصولات,بهاي تمام شده كالاي فروش رفته خارجي محصولات,True,0,,1,False,False,True,False,False,False,1,1,2024-03-03 12:01:33,1,2024-03-03 12:01:33,False,False
720,632,3,09,بهاي تمام شده خدمات,بهاي تمام شده خدمات,True,0,,1,False,False,False,False,False,False,1,1,2024-03-03 12:01:33,1,2024-03-03 12:01:33,False,False
721,633,3,01,حقوق پايه,حقوق پايه,True,0,,1,False,True,False,False,False,False,1,1,2024-03-03 12:01:33,1,2024-03-03 12:01:33,False,False
722,633,3,02,اضافه كاري,اضافه كاري,True,0,,1,False,True,False,False,False,False,1,1,2024-03-03 12:01:33,1,2024-03-03 12:01:33,False,False
723,633,3,03,حق شيفت وشبكاري,حق شيفت وشبكاري,True,0,,1,False,True,False,False,False,False,1,1,2024-03-03 12:01:33,1,2024-03-03 12:01:33,False,False
724,633,3,04,حق نوبت كاري,حق نوبت كاري,True,0,,1,False,True,False,False,False,False,1,1,2024-03-03 12:01:33,1,2024-03-03 12:01:33,False,False
725,633,3,06,فوق العاده مسكن وخواروبار,فوق العاده مسكن وخواروبار,True,0,,1,False,True,False,False,False,False,1,1,2024-03-03 12:01:33,1,2024-03-03 12:01:33,False,False
726,633,3,07,حق اولاد,حق اولاد,True,0,,1,False,True,False,False,False,False,1,1,2024-03-03 12:01:33,1,2024-03-03 12:01:33,False,False
727,633,3,08,عيدي وپاداش,عيدي وپاداش,True,0,,1,False,True,False,False,False,False,1,1,2024-03-03 12:01:33,1,2024-03-03 12:01:33,False,False
728,633,3,09,بن كارگري,بن كارگري,True,0,,1,False,True,False,False,False,False,1,1,2024-03-03 12:01:34,1,2024-03-03 12:01:34,False,False
729,633,3,11,بيمه سهم كارفرما,بيمه سهم كارفرما,True,0,,1,False,True,False,False,False,False,1,1,2024-03-03 12:01:34,1,2024-03-03 12:01:34,False,False
730,633,3,13,بازخريد سنوات خدمت كاركنان,بازخريد سنوات خدمت كاركنان,True,0,,1,False,True,False,False,False,False,1,1,2024-03-03 12:01:34,1,2024-03-03 12:01:34,False,False
731,633,3,14,مرخصي استفاده نشده,مرخصي استفاده نشده,True,0,,1,False,True,False,False,False,False,1,1,2024-03-03 12:01:34,1,2024-03-03 12:01:34,False,False
732,633,3,16,بيمه بيكاري,بيمه بيكاري,True,0,,1,False,True,False,False,False,False,1,1,2024-03-03 12:01:34,1,2024-03-03 12:01:34,False,False
733,633,3,18,حقوق و مزاياي متفرقه,حقوق و مزاياي متفرقه,True,0,,1,False,True,False,False,False,False,1,1,2024-03-03 12:01:34,1,2024-03-03 12:01:34,False,False
734,634,3,01,سفر ،اقامت وفوق العاده ماموريت,سفر ،اقامت وفوق العاده ماموريت,True,0,,1,False,True,False,False,False,False,1,1,2024-03-03 12:01:34,1,2024-03-03 12:01:34,False,False
735,634,3,03,پذيرايي و آبدارخانه,پذيرايي و آبدارخانه,True,0,,1,False,True,True,False,True,False,1,1,2024-03-03 12:01:34,1,2024-03-03 12:01:34,False,False
736,634,3,04,اياب وذهاب,اياب وذهاب,True,0,,1,False,True,False,False,False,False,1,1,2024-03-03 12:01:34,1,2024-03-03 12:01:34,False,False
737,634,3,09,ساير هزينه هاي كاركنان,ساير هزينه هاي كاركنان,True,0,,1,False,True,False,False,False,False,1,1,2024-03-03 12:01:34,1,2024-03-03 12:01:34,False,False
738,635,3,01,تعمير ونگهداري ساختمان وتاسيسات,تعمير ونگهداري ساختمان وتاسيسات,True,0,,1,False,True,False,False,False,False,1,1,2024-03-03 12:01:34,1,2024-03-03 12:01:34,False,False
739,635,3,02,تعمير ونگهداري ماشين آلات و تجهيزات توليد,تعمير ونگهداري ماشين آلات و تجهيزات توليد,True,0,,1,False,True,False,False,False,False,1,1,2024-03-03 12:01:34,1,2024-03-03 12:01:34,False,False
740,635,3,04,تعمير ونگهداري وسايط نقليه,تعمير ونگهداري وسايط نقليه,True,0,,1,False,True,False,False,False,False,1,1,2024-03-03 12:01:34,1,2024-03-03 12:01:34,False,False
741,635,3,05,تعمير ونگهداري اثاثيه ومنصوبات,تعمير ونگهداري اثاثيه ومنصوبات,True,0,,1,False,True,False,False,False,False,1,1,2024-03-03 12:01:34,1,2024-03-03 12:01:34,False,False
742,635,3,06,هزينه گاز مصرفي,هزينه گاز مصرفي,True,0,,1,False,True,False,False,False,False,1,1,2024-03-03 12:01:34,1,2024-03-03 12:01:34,False,False
743,635,3,07,هزينه سوخت وسائط نقليه,هزينه سوخت وسائط نقليه,True,0,,1,False,True,False,False,False,False,1,1,2024-03-03 12:01:34,1,2024-03-03 12:01:34,False,False
744,635,3,08,هزينه آب و برق مصرفي,هزينه آب و برق مصرفي,True,0,,1,False,True,False,False,False,False,1,1,2024-03-03 12:01:34,1,2024-03-03 12:01:34,False,False
745,635,3,09,هزينه بيمه دارائيهاي ثابت,هزينه بيمه دارائيهاي ثابت,True,0,,1,False,True,False,False,False,False,1,1,2024-03-03 12:01:34,1,2024-03-03 12:01:34,False,False
746,635,3,10,هزينه بيمه موجوديها,هزينه بيمه موجوديها,True,0,,1,False,True,False,False,False,False,1,1,2024-03-03 12:01:34,1,2024-03-03 12:01:34,False,False
747,635,3,11,ابزار ولوازم فني مصرفي,ابزار ولوازم فني مصرفي,True,0,,1,False,True,False,False,False,False,1,1,2024-03-03 12:01:34,1,2024-03-03 12:01:34,False,False
748,635,3,12,مواد مصرفي غير مستقيم توليد,مواد مصرفي غير مستقيم توليد,True,0,,1,False,True,False,False,False,False,1,1,2024-03-03 12:01:35,1,2024-03-03 12:01:35,False,False
749,635,3,13,هزينه ملزومات ونوشت افزار,هزينه ملزومات ونوشت افزار,True,0,,1,False,True,False,False,False,False,1,1,2024-03-03 12:01:35,1,2024-03-03 12:01:35,False,False
750,635,3,14,هزينه پست وتلفن و اينترنت,هزينه پست وتلفن و اينترنت,True,0,,1,False,True,False,False,False,False,1,1,2024-03-03 12:01:35,1,2024-03-03 12:01:35,False,False
751,635,3,16,هزينه اجاره محل,هزينه اجاره محل,True,0,,1,False,True,False,False,False,False,1,1,2024-03-03 12:01:35,1,2024-03-03 12:01:35,False,False
752,636,3,01,هزينه استهلاك ساختمان,هزينه استهلاك ساختمان,True,0,,1,False,True,False,False,False,False,1,1,2024-03-03 12:01:35,1,2024-03-03 12:01:35,False,False
753,636,3,02,هزينه استهلاك تاسيسات,هزينه استهلاك تاسيسات,True,0,,1,False,True,False,False,False,False,1,1,2024-03-03 12:01:35,1,2024-03-03 12:01:35,False,False
754,636,3,03,هزينه استهلاك ماشين آلات وتجهيزات توليد,هزينه استهلاك ماشين آلات وتجهيزات توليد,True,0,,1,False,True,False,False,False,False,1,1,2024-03-03 12:01:35,1,2024-03-03 12:01:35,False,False
755,636,3,05,هزينه استهلاك وسائط نقليه,هزينه استهلاك وسائط نقليه,True,0,,1,False,True,False,False,False,False,1,1,2024-03-03 12:01:35,1,2024-03-03 12:01:35,False,False
756,636,3,06,هزينه استهلاك اثاثيه و منصوبات,هزينه استهلاك اثاثيه و منصوبات,True,0,,1,False,True,False,False,False,False,1,1,2024-03-03 12:01:35,1,2024-03-03 12:01:35,False,False
757,637,3,01,هزينه آگهي و تبليغات,هزينه آگهي و تبليغات,True,0,,1,False,False,False,False,False,False,1,1,2024-03-03 12:01:35,1,2024-03-03 12:01:35,False,False
758,637,3,02,هزينه شركت درمناقصه,هزينه شركت درمناقصه,True,0,,1,False,False,False,False,False,False,1,1,2024-03-03 12:01:35,1,2024-03-03 12:01:35,False,False
759,637,3,03,هزينه هاي نمايشگاه,هزينه هاي نمايشگاه,True,0,,1,False,False,False,False,False,False,1,1,2024-03-03 12:01:35,1,2024-03-03 12:01:35,False,False
760,637,3,05,هزينه هاي حمل وانبارداري فروش,هزينه هاي حمل وانبارداري فروش,True,0,,1,False,False,False,False,False,False,1,1,2024-03-03 12:01:35,1,2024-03-03 12:01:35,False,False
761,637,3,08,هزينه هاي متفرقه توزيع وفروش,هزينه هاي متفرقه توزيع وفروش,True,0,,1,False,False,False,False,False,False,1,1,2024-03-03 12:01:35,1,2024-03-03 12:01:35,False,False
762,637,3,07,هزينه هاي واخواست,هزينه هاي واخواست,True,0,,1,False,False,False,False,False,False,1,1,2024-03-03 12:01:35,1,2024-03-03 12:01:35,False,False
763,637,3,06,هزينه مطالبات سوخت شده,هزينه مطالبات سوخت شده,True,0,,1,False,False,False,False,False,False,1,1,2024-03-03 12:01:35,1,2024-03-03 12:01:35,False,False
764,638,3,01,هزينه سود وكارمزد وامها,هزينه سود وكارمزد وامها,True,0,,1,False,False,False,False,False,False,1,1,2024-03-03 12:01:35,1,2024-03-03 12:01:35,False,False
765,638,3,02,هزينه كارمزد خدمات بانكي,هزينه كارمزد خدمات بانكي,True,0,,1,False,False,False,False,False,False,1,1,2024-03-03 12:01:35,1,2024-03-03 12:01:35,False,False
766,638,3,03,هزينه جريمه دير كرد وامها,هزينه جريمه دير كرد وامها,True,0,,1,False,False,False,False,False,False,3,1,2024-03-03 12:01:35,10,2026-05-02 17:51:30,False,False
767,638,3,04,هزينه بهره غير بانكي,هزينه بهره غير بانكي,True,0,,1,False,False,False,False,False,False,4,1,2024-03-03 12:01:35,10,2026-05-02 17:51:39,False,False
771,640,3,01,اسناد تضميني دريافتي از كاركنان,اسناد تضميني دريافتي از كاركنان,True,0,,3,False,True,False,False,False,False,1,1,2024-03-03 12:01:36,1,2024-03-03 12:01:36,False,False
772,640,3,02,ضمانت نامه هاي بانكي,ضمانت نامه هاي بانكي,True,0,,3,False,True,False,False,False,False,1,1,2024-03-03 12:01:36,1,2024-03-03 12:01:36,False,False
773,640,3,03,ساير اسناد تضميني به نفع شركت,ساير اسناد تضميني به نفع شركت,True,0,,3,False,True,False,False,False,False,1,1,2024-03-03 12:01:36,1,2024-03-03 12:01:36,False,False
774,640,3,04,اسناد تضميني تنخواه,اسناد تضميني تنخواه,True,0,,3,False,True,False,False,False,False,1,1,2024-03-03 12:01:36,1,2024-03-03 12:01:36,False,False
775,641,3,01,ضمانت نامه هاي شركت در مناقصه ومزايده,ضمانت نامه هاي شركت در مناقصه ومزايده,True,0,,3,False,True,False,False,False,False,1,1,2024-03-03 12:01:36,1,2024-03-03 12:01:36,False,False
776,641,3,02,ضمانت نامه هاي حسن انجام كار,ضمانت نامه هاي حسن انجام كار,True,0,,3,False,True,False,False,False,False,1,1,2024-03-03 12:01:36,1,2024-03-03 12:01:36,False,False
777,641,3,03,اسنادتضميني بابت سفارشات,اسنادتضميني بابت سفارشات,True,0,,3,False,True,False,False,False,False,1,1,2024-03-03 12:01:36,1,2024-03-03 12:01:36,False,False
778,641,3,04,اسناد تضميني بابت ضمانت نامه هاي گمركي,اسناد تضميني بابت ضمانت نامه هاي گمركي,True,0,,3,False,True,False,False,False,False,1,1,2024-03-03 12:01:36,1,2024-03-03 12:01:36,False,False
779,641,3,05,اسناد تضميني بابت تسهيلات مالي دريافتي,اسناد تضميني بابت تسهيلات مالي دريافتي,True,0,,3,False,True,False,False,False,False,1,1,2024-03-03 12:01:36,1,2024-03-03 12:01:36,False,False
780,611,3,12,پيش پرداخت ماليات و عوارض ارزش افزوده,پيش پرداخت ماليات و عوارض ارزش افزوده,True,0,,1,True,False,False,False,False,False,2,1,2024-03-03 12:01:36,1,2024-03-03 12:23:43,False,False
783,617,3,12,ماليات و عوارض ارزش افزوده پرداختي,ماليات و عوارض ارزش افزوده پرداختي,True,0,,2,False,False,False,False,False,False,2,1,2024-03-03 12:01:36,1,2024-03-03 12:55:19,False,False
784,616,3,01,حسابهاي پرداختني تجاري,حسابهاي پرداختني تجاري,True,0,,2,False,True,True,True,True,False,1,1,2024-03-03 12:01:36,1,2024-03-03 12:01:36,False,False
786,609,3,01,كاردرجريان ساخت,كاردرجريان ساخت,True,0,,1,True,True,False,False,False,False,1,1,2024-03-03 12:01:36,1,2024-03-03 12:01:36,False,False
787,608,3,05,واسط كرايه حمل موجودي ها,واسط كرايه حمل موجودي ها,True,0,,1,False,False,False,False,False,False,1,1,2024-03-03 12:01:36,1,2024-03-03 12:01:36,False,False
788,606,3,04,ساير حسابهاي دريافتني,ساير حسابهاي دريافتني,True,0,,1,False,True,False,False,False,False,1,1,2024-03-03 12:01:36,1,2024-03-03 12:01:36,False,False
789,603,3,05,موجودي بانكهاي ريالي,موجودي بانكهاي ريالي,True,0,,1,True,True,False,False,False,False,1,1,2024-03-03 12:01:37,1,2024-03-03 12:01:37,False,False
790,603,3,06,موجودي بانكهاي ارزي,موجودي بانكهاي ارزي,True,0,,1,True,True,True,True,True,False,1,1,2024-03-03 12:01:37,1,2024-03-03 12:01:37,False,False
791,603,3,01,صندوق ريالي,صندوق ريالي,True,0,,1,True,True,False,False,True,False,1,1,2024-03-03 12:01:37,1,2024-03-03 12:01:37,False,False
792,603,3,02,صندوق ارزي,صندوق ارزي,True,0,,1,True,True,True,True,True,False,1,1,2024-03-03 12:01:37,1,2024-03-03 12:01:37,False,False
793,603,3,07,موجودي كارت خوان ريالي,موجودي كارت خوان ريالي,True,0,,1,True,True,False,False,False,False,1,1,2024-03-03 12:01:37,1,2024-03-03 12:01:37,False,False
794,603,3,08,موجودي كارت خوان ارزي,موجودي كارت خوان ارزي,True,0,,1,True,True,True,True,True,False,1,1,2024-03-03 12:01:37,1,2024-03-03 12:01:37,False,False
795,605,3,02,چكهاي دريافتني نزد صندوق,چكهاي دريافتني نزد صندوق,True,0,,1,True,True,False,False,False,False,1,1,2024-03-03 12:01:37,1,2024-03-03 12:01:37,False,False
796,605,3,03,چكهاي در جريان وصول,چكهاي در جريان وصول,True,0,,1,True,True,False,False,False,False,1,1,2024-03-03 12:01:37,1,2024-03-03 12:01:37,False,False
797,616,3,02,اسناد پرداختني ريالي,اسناد پرداختني ريالي,True,0,,2,False,True,False,False,False,False,1,1,2024-03-03 12:01:37,1,2024-03-03 12:01:37,False,False
798,642,3,01,طرف حساب انتظامي,طرف حساب انتظامي,True,0,,3,False,False,False,False,False,False,1,1,2024-03-03 12:01:37,1,2024-03-03 12:01:37,False,False
799,605,3,01,حسابهاي دريافتني تجاري,حسابهاي دريافتني تجاري,True,0,,1,False,True,True,True,True,False,1,1,2024-03-03 12:01:37,1,2024-03-03 12:01:37,False,False
801,632,3,01,بهاي تمام‌شده كالاي فروش رفته داخلي محصولات,بهاي تمام‌شده كالاي فروش رفته داخلي محصولات,True,0,,1,False,False,False,False,False,False,1,1,2024-03-03 12:01:37,1,2024-03-03 12:01:37,False,False
802,629,3,01,فروش داخلي محصولات,فروش داخلي محصولات,True,0,,2,False,False,False,False,False,False,1,1,2024-03-03 12:01:37,1,2024-03-03 12:01:37,False,False
803,629,3,02,فروش خارجي محصولات,فروش خارجي محصولات,True,0,,2,False,False,True,False,False,False,1,1,2024-03-03 12:01:37,1,2024-03-03 12:01:37,False,False
804,629,3,03,فروش خدمات,فروش خدمات,True,0,,2,False,False,False,False,False,False,1,1,2024-03-03 12:01:37,1,2024-03-03 12:01:37,False,False
805,630,3,01,برگشت از فروش  داخلي محصولات,برگشت از فروش  داخلي محصولات,True,0,,1,False,False,False,False,False,False,1,1,2024-03-03 12:01:37,1,2024-03-03 12:01:37,False,False
806,630,3,02,برگشت از فروش  خارجي محصولات,برگشت از فروش  خارجي محصولات,True,0,,1,False,False,True,False,False,False,1,1,2024-03-03 12:01:37,1,2024-03-03 12:01:37,False,False
807,630,3,03,برگشت فروش خدمات,برگشت فروش خدمات,True,0,,3,False,False,False,False,False,False,1,1,2024-03-03 12:01:37,1,2024-03-03 12:01:37,False,False
808,630,3,11,تخفيفات محصولات داخلي,تخفيفات محصولات داخلي,True,0,,1,False,False,False,False,True,False,1,1,2024-03-03 12:01:37,1,2024-03-03 12:01:37,False,False
809,630,3,12,تخفيفات محصولات خارجي,تخفيفات محصولات خارجي,True,0,,1,False,False,True,False,False,False,1,1,2024-03-03 12:01:37,1,2024-03-03 12:01:37,False,False
810,630,3,13,تخفيف فروش خدمات,تخفيف فروش خدمات,True,0,,3,False,False,False,False,False,False,1,1,2024-03-03 12:01:38,1,2024-03-03 12:01:38,False,False
811,631,3,09,ساير هزينه‌ها و درآمدها,ساير هزينه‌ها و درآمدها,True,0,,2,False,False,False,False,False,False,1,1,2024-03-03 12:01:38,1,2024-03-03 12:01:38,False,False
812,605,3,06,اسناد واخواست شده,اسناد واخواست شده,True,0,,1,True,True,False,False,False,False,1,1,2024-03-03 12:01:38,1,2024-03-03 12:01:38,False,False
813,617,3,14,ساير حسابهاي پرداختني,ساير حسابهاي پرداختني,True,0,,2,False,True,False,False,False,False,1,1,2024-03-03 12:01:38,1,2024-03-03 12:01:38,False,False
814,637,3,04,هزينه بازاريابي و پورسانت,هزينه بازاريابي و پورسانت,True,0,,2,False,False,False,False,False,False,1,1,2024-03-03 12:01:38,1,2024-03-03 12:01:38,False,False
819,634,3,05,هزينه هدايا وكمكهاي بلاعوض,هزينه هدايا وكمكهاي بلاعوض,True,0,,1,False,True,False,False,False,False,1,1,2024-03-03 12:01:38,1,2024-03-03 12:01:38,False,False
820,644,3,01,جاري شركاء,جاري شركاء,True,0,,1,False,True,False,False,False,False,1,1,2024-03-03 12:01:38,1,2024-03-03 12:01:38,False,False
821,635,3,15,هزينه حمل و نقل داخلي,هزينه حمل و نقل داخلي,True,0,,1,False,True,False,False,False,False,1,1,2024-03-03 12:01:38,1,2024-03-03 12:01:38,False,False
822,608,3,06,واسط انتقالي بين انبارها,واسط انتقالي بين انبارها,True,0,,3,False,False,False,False,False,False,1,1,2024-03-03 12:01:38,1,2024-03-03 12:01:38,False,False
825,608,3,04,موجودي محصول نيمه ساخته,موجودي محصول نيمه ساخته,True,0,,1,False,False,False,False,False,False,1,1,2024-03-03 12:01:38,1,2024-03-03 12:01:38,False,False
826,634,3,06,هزينه ايمني و بهداشت,هزينه ايمني و بهداشت,True,0,,1,False,True,False,False,False,False,1,1,2024-03-03 12:01:38,1,2024-03-03 12:01:38,False,False
827,634,3,07,هزينه بيمه مسئوليت مدني,هزينه بيمه مسئوليت مدني,True,0,,1,False,True,False,False,False,False,1,1,2024-03-03 12:01:38,1,2024-03-03 12:01:38,False,False
829,615,3,02,نرم افزارها,نرم افزارها,True,0,,1,False,False,False,False,False,False,2,1,2024-03-03 12:01:38,1,2024-03-03 12:19:12,False,False
830,635,3,17,هزينه شارژ شهرك صنعتي,هزينه شارژ شهرك صنعتي,True,0,,1,False,True,False,False,False,False,1,1,2024-03-03 12:01:39,1,2024-03-03 12:01:39,False,False
834,620,3,03,ذخيره ساير هزينه ها,ذخيره ساير هزينه ها,True,0,,2,False,False,False,False,False,False,1,1,2024-03-03 12:12:47,1,2024-03-03 12:12:47,False,False
835,639,3,01,سود و زيان ناشي از تسعير ارز,سود و زيان ناشي از تسعير ارز,True,0,,2,False,False,False,False,False,False,1,1,2024-03-03 12:12:47,1,2024-03-03 12:12:47,False,False
836,639,3,02,سود و زيان ناشي از فروش دارائيها,سود و زيان ناشي از فروش دارائيها,True,0,,2,False,False,False,False,False,False,1,1,2024-03-03 12:12:47,1,2024-03-03 12:12:47,False,False
837,639,3,03,سود و زيان ناشي از بيمه دارائيها,سود و زيان ناشي از بيمه دارائيها,True,0,,2,False,False,False,False,False,False,1,1,2024-03-03 12:12:47,1,2024-03-03 12:12:47,False,False
838,639,3,07,تخفيفات نقدي خريد,تخفيفات نقدي خريد,True,0,,2,False,False,False,False,False,False,1,1,2024-03-03 12:12:47,1,2024-03-03 12:12:47,False,False
839,639,3,06,تخفيفات نقدي فروش,تخفيفات نقدي فروش,True,0,,1,False,False,False,False,False,False,1,1,2024-03-03 12:12:47,1,2024-03-03 12:12:47,False,False
840,639,3,04,زيان ناشي از اسقاط دارائيها,زيان ناشي از اسقاط دارائيها,True,0,,1,False,False,False,False,False,False,1,1,2024-03-03 12:12:47,1,2024-03-03 12:12:47,False,False
843,643,3,03,دارايي هاي در دست تكميل ماشين آلات,دارايي هاي در دست تكميل ماشين آلات,True,0,,1,False,False,False,False,False,False,1,1,2024-03-03 12:12:47,1,2024-03-03 12:12:47,False,False
844,639,3,08,كسر و اضافات انبار,كسر و اضافات انبار,True,0,,3,False,False,False,False,False,False,1,1,2024-03-03 12:12:47,1,2024-03-03 12:12:47,False,False
845,639,3,05,زيان ناشي از حذف دارائيها,زيان ناشي از حذف دارائيها,True,0,,3,False,False,False,False,False,False,1,1,2024-03-03 12:12:47,1,2024-03-03 12:12:47,False,False
846,639,3,09,سود سپرده بانكي,سود سپرده بانكي,True,0,,2,False,False,False,False,False,False,1,1,2024-03-03 12:12:47,1,2024-03-03 12:12:47,False,False
847,639,3,10,هزينه حسابداري و حسابرسي,هزينه حسابداري و حسابرسي,True,0,,1,False,False,False,False,False,False,1,1,2024-03-03 12:12:47,1,2024-03-03 12:12:47,False,False
848,620,3,02,ذخيره مرخصي استفاده‌ نشده,ذخيره مرخصي استفاده‌ نشده,True,0,,2,False,True,False,False,False,False,1,1,2024-03-03 12:19:50,1,2024-03-03 12:19:50,False,False
849,643,3,01,دارايي هاي در دست تكميل ساختمان,دارايي هاي در دست تكميل ساختمان,True,0,,1,False,False,False,False,False,False,1,1,2024-03-03 12:19:50,1,2024-03-03 12:19:50,False,False
850,643,3,02,دارايي هاي در دست تكميل تاسيسات,دارايي هاي در دست تكميل تاسيسات,True,0,,1,False,False,False,False,False,False,1,1,2024-03-03 12:19:51,1,2024-03-03 12:19:51,False,False
851,606,3,05,وديعه اجاره,وديعه اجاره,True,0,,1,False,False,False,False,False,False,1,1,2024-03-03 12:22:46,1,2024-03-03 12:22:46,False,False
852,465,2,15,پيمان در جريان پيشرفت,پيمان در جريان پيشرفت,True,0,,1,False,False,False,False,False,False,1,1,2024-03-03 12:28:27,1,2024-03-03 12:28:27,False,False
853,852,3,01,پيمان در جريان پيشرفت - مواد و مصالح,پيمان در جريان پيشرفت - مواد و مصالح,True,0,,1,False,True,False,False,False,False,2,1,2024-03-03 12:29:14,1,2024-03-03 12:29:16,False,False
854,852,3,02,پيمان در جريان پيشرفت - حقوق و دستمزد ,پيمان در جريان پيشرفت - حقوق و دستمزد ,True,0,,1,False,True,False,False,False,False,1,1,2024-03-03 12:29:52,1,2024-03-03 12:29:52,False,False
855,852,3,03,پيمان در جريان پيشرفت - سربار,پيمان در جريان پيشرفت - سربار,True,0,,1,False,True,False,False,False,False,1,1,2024-03-03 12:30:07,1,2024-03-03 12:30:07,False,False
857,471,2,11,مخارج پيمان,مخارج پيمان,True,0,,1,False,False,False,False,False,False,1,1,2024-03-03 12:32:19,1,2024-03-03 12:32:19,False,False
858,857,3,01,خريد اسناد مناقصه,خريد اسناد مناقصه,True,0,,1,False,False,False,False,False,False,1,1,2024-03-03 12:38:25,1,2024-03-03 12:38:25,False,False
859,857,3,02,كارمزد ضمانت نامه شركت در مناقصه,كارمزد ضمانت نامه شركت در مناقصه,True,0,,1,False,False,True,False,False,False,1,1,2024-03-03 12:38:27,1,2024-03-03 12:38:27,False,False
860,857,3,03,خريد سفته و ابطال تمبر شركت در مناقصه,خريد سفته و ابطال تمبر شركت در مناقصه,True,0,,1,False,False,False,False,False,False,1,1,2024-03-03 12:38:27,1,2024-03-03 12:38:27,False,False
861,857,3,04,خدمات كارشناسي مناقصات,خدمات كارشناسي مناقصات,True,0,,1,False,True,False,False,False,False,1,1,2024-03-03 12:38:27,1,2024-03-03 12:38:27,False,False
862,857,3,05,ساير مخارج شركت در مناقصه,ساير مخارج شركت در مناقصه,True,0,,1,False,True,False,False,False,False,1,1,2024-03-03 12:38:27,1,2024-03-03 12:38:27,False,False
863,857,3,06,مخارج ضمانت نامه,مخارج ضمانت نامه,True,0,,1,False,True,False,False,False,False,1,1,2024-03-03 12:38:27,1,2024-03-03 12:38:27,False,False
864,857,3,07,مخارج تامين مالي پيمان,مخارج تامين مالي پيمان,True,0,,1,False,True,False,False,False,False,1,1,2024-03-03 12:38:27,1,2024-03-03 12:38:27,False,False
865,857,3,08,ساير مخارج پيمان,ساير مخارج پيمان,True,0,,1,False,True,False,False,False,False,1,1,2024-03-03 12:38:27,1,2024-03-03 12:38:27,False,False
866,857,3,09,هزينه هاي بيمه پيمان,هزينه هاي بيمه پيمان,True,0,,1,False,True,False,False,False,False,1,1,2024-03-03 12:38:27,1,2024-03-03 12:38:27,False,False
867,857,3,10,هزينه شركت در مناقصه,هزينه شركت در مناقصه,True,0,,1,False,True,False,False,True,False,1,1,2024-03-03 12:38:27,1,2024-03-03 12:38:27,False,False
868,471,2,12,بهاي تمام شده پيمان,بهاي تمام شده پيمان,True,0,,1,False,False,False,False,False,False,1,1,2024-03-03 12:39:27,1,2024-03-03 12:39:27,False,False
869,868,3,01,بهاي تمام شده پيمان,بهاي تمام شده پيمان,True,0,,1,False,True,False,False,False,False,1,1,2024-03-03 12:40:10,1,2024-03-03 12:40:10,False,False
872,618,3,02,پيش دريافت پيمان ها,پيش دريافت پيمان ها,True,0,,2,False,True,False,False,False,False,1,1,2024-03-03 13:00:46,1,2024-03-03 13:00:46,False,False
873,618,3,03,پيش دريافت مواد و مصالح پيمان ها,پيش دريافت مواد و مصالح پيمان ها,True,0,,2,False,True,False,False,False,False,1,1,2024-03-03 13:01:16,1,2024-03-03 13:01:16,False,False
874,470,2,13,درآمد پيمان,درآمد پيمان,True,0,,2,False,False,False,False,False,False,1,1,2024-03-03 13:06:14,1,2024-03-03 13:06:14,False,False
875,874,3,01,صورت وضعيت هاي تاييد شده,صورت وضعيت هاي تاييد شده,True,0,,2,False,False,False,False,False,False,2,1,2024-03-03 13:09:03,1,2024-03-03 13:25:43,False,False
876,874,3,02,تعديل صورت وضعيت هاي تاييد شده,تعديل صورت وضعيت هاي تاييد شده,True,0,,2,False,False,True,False,False,False,1,1,2024-03-03 13:09:03,1,2024-03-03 13:09:03,False,False
877,874,3,03,صورت وضعيت هاي در راه,صورت وضعيت هاي در راه,True,0,,2,False,False,False,False,False,False,1,1,2024-03-03 13:09:03,1,2024-03-03 13:09:03,False,False
878,874,3,04,درآمد هاي براوردي,درآمد هاي براوردي,True,0,,2,False,False,False,False,False,False,1,1,2024-03-03 13:09:03,1,2024-03-03 13:09:03,False,False
883,631,3,02,فروش اسناد مناقصه,فروش اسناد مناقصه,True,0,,2,False,False,False,False,False,False,1,1,2024-03-03 13:15:16,1,2024-03-03 13:15:16,False,False
884,631,3,03,سود سپرده هاي بانكي,سود سپرده هاي بانكي,True,0,,2,False,False,False,False,False,False,1,1,2024-03-03 13:15:32,1,2024-03-03 13:15:32,False,False
885,473,2,12,ساير هزينه هاي اداري و تشكيلاتي,ساير هزينه هاي اداري و تشكيلاتي,True,0,,1,False,False,False,False,False,False,1,1,2024-03-03 13:18:47,1,2024-03-03 13:18:47,False,False
886,885,3,01,هزينه ثبتي و حقوقي,هزينه ثبتي و حقوقي,True,0,,1,False,True,False,False,False,False,1,1,2024-03-03 13:19:34,1,2024-03-03 13:19:34,False,False
887,885,3,02,هزينه حسابداري و حسابرسي,هزينه حسابداري و حسابرسي,True,0,,1,False,True,False,False,False,False,1,1,2024-03-03 13:19:46,1,2024-03-03 13:19:46,False,False
888,885,3,03,ساير هزينه هاي اداري تشكيلاتي غيرعملياتي,ساير هزينه هاي اداري تشكيلاتي غيرعملياتي,True,0,,1,False,True,False,False,False,False,1,1,2024-03-03 13:19:57,1,2024-03-03 13:19:57,False,False
889,611,3,13,پيش پرداخت ماليات قراردادها,پيش پرداخت ماليات قراردادها,True,0,,1,False,False,False,False,False,False,1,1,2024-03-03 13:28:21,1,2024-03-03 13:28:21,False,False
890,611,3,14,پيش پرداخت به پيمانكاران جزء,پيش پرداخت به پيمانكاران جزء,True,0,,1,False,True,False,False,False,False,1,1,2024-03-03 13:29:25,1,2024-03-03 13:29:25,False,False
891,611,3,15,پيش پرداخت بيمه قراردادها,پيش پرداخت بيمه قراردادها,True,0,,1,True,True,False,False,False,False,1,1,2024-03-03 13:29:45,1,2024-03-03 13:29:45,False,False
892,611,3,16,پيش پرداخت قراردادها,پيش پرداخت قراردادها,True,0,,1,False,True,False,False,False,False,1,1,2024-03-03 13:29:58,1,2024-03-03 13:29:58,False,False
893,611,3,17,پيش پرداخت مصالح به پيمانكاران جزء,پيش پرداخت مصالح به پيمانكاران جزء,True,0,,1,False,True,False,False,False,False,1,1,2024-03-03 13:30:19,1,2024-03-03 13:30:19,False,False
894,605,3,07,خالص صورت وضعيت دريافتني,خالص صورت وضعيت دريافتني,True,0,,1,False,True,False,False,False,False,1,1,2024-03-03 13:34:50,1,2024-03-03 13:34:50,False,False
895,605,3,08,علي الحساب پرداختي به پيمانكاران,علي الحساب پرداختي به پيمانكاران,True,0,,1,False,True,False,False,False,False,1,1,2024-03-03 13:34:50,1,2024-03-03 13:34:50,False,False
896,605,3,09,علي الحساب پرداختي به فروشندگان,علي الحساب پرداختي به فروشندگان,True,0,,1,False,True,False,False,False,False,1,1,2024-03-03 13:34:50,1,2024-03-03 13:34:50,False,False
897,605,3,10,علي الحساب پرداختي به ترخيص كاران,علي الحساب پرداختي به ترخيص كاران,True,0,,1,False,True,False,False,False,False,1,1,2024-03-03 13:34:50,1,2024-03-03 13:34:50,False,False
898,605,3,11,علي الحساب پرداختي به ساير,علي الحساب پرداختي به ساير,True,0,,1,False,True,False,False,False,False,1,1,2024-03-03 13:34:50,1,2024-03-03 13:34:50,False,False
899,605,3,13,طلب از پيمانكاران,طلب از پيمانكاران,True,0,,1,False,True,False,False,False,False,1,1,2024-03-03 13:34:50,1,2024-03-03 13:34:50,False,False
900,605,3,14,طلب از كنسرسيوم,طلب از كنسرسيوم,True,0,,1,False,True,False,False,False,False,1,1,2024-03-03 13:34:50,1,2024-03-03 13:34:50,False,False
901,605,3,15,حسابهاي دريافتني از محل قراردادها,حسابهاي دريافتني از محل قراردادها,True,0,,1,False,True,False,False,True,False,1,1,2024-03-03 13:34:50,1,2024-03-03 13:34:50,False,False
902,605,3,16,مبلغ بازيافتني صورت وضعيتهاي در راه,مبلغ بازيافتني صورت وضعيتهاي در راه,True,0,,1,False,True,False,False,True,False,1,1,2024-03-03 13:34:50,1,2024-03-03 13:34:50,False,False
903,605,3,17,پيش پرداخت انجام شده به پيمانكاران,پيش پرداخت انجام شده به پيمانكاران,True,0,,1,False,True,False,False,True,False,1,1,2024-03-03 13:34:50,1,2024-03-03 13:34:50,False,False
908,617,3,15,ساير پرداختني پيك,ساير پرداختني پيك,True,0,,3,False,True,False,False,False,False,2,10,2026-04-18 14:32:12,10,2026-04-18 15:31:29,False,False
910,617,3,16,اجاره پرداختني,اجاره پرداختني,True,0,,3,False,True,False,False,False,False,1,10,2026-04-18 16:14:31,10,2026-04-18 16:14:31,False,False
911,639,3,11,هزينه درمان خانم غلامعليان,هزينه درمان خانم غلامعليان,True,0,,3,False,True,False,False,False,False,1,11,2026-04-19 16:59:46,11,2026-04-19 16:59:46,False,False
913,468,2,13,تسهيلات مالي كوتاه مدت,تسهيلات مالي كوتاه مدت,True,0,,2,False,False,False,False,False,False,2,10,2026-04-22 17:34:24,10,2026-04-22 17:34:44,False,False
914,913,3,01,وام پرداختني كوتاه مدت,وام پرداختني كوتاه مدت,True,0,,2,False,True,False,False,False,False,1,10,2026-04-22 17:36:27,10,2026-04-22 17:36:27,False,False
915,629,3,04,فروش مواد اوليه,فروش مواد اوليه,True,0,,2,False,False,False,False,False,False,1,13,2026-04-23 14:04:12,13,2026-04-23 14:04:12,False,False
916,630,3,04,برگشت از فروش مواد اوليه,برگشت از فروش مواد اوليه,True,0,,2,False,False,False,False,False,False,1,13,2026-04-23 14:06:19,13,2026-04-23 14:06:19,False,False
917,630,3,14,تخفيفات فروش مواد اوليه,تخفيفات فروش مواد اوليه,True,0,,2,False,False,False,False,False,False,1,13,2026-04-23 14:08:09,13,2026-04-23 14:08:09,False,False
918,641,3,06,چك هاي انتظامي پرداختي,چك هاي انتظامي پرداختي,True,0,,3,False,True,False,False,False,False,2,11,2026-05-16 15:47:19,11,2026-05-16 15:53:47,False,False
920,923,2,10,افتتاحيه,افتتاحيه,True,0,,3,False,False,False,False,False,False,1,10,2026-05-23 18:55:32,10,2026-05-23 18:55:32,False,False
923,-5,1,81,افتتاحيه,افتتاحيه,True,0,,1,False,False,False,False,False,False,1,10,2026-05-23 18:54:54,10,2026-05-23 18:54:54,False,False
925,920,3,10,افتتاحيه,افتتاحيه,True,0,,3,False,False,False,False,False,False,2,10,2026-05-23 18:56:49,10,2026-05-23 18:57:16,False,False
926,608,3,08,موجودي مواد اوليه فانتزي,موجودي مواد اوليه فانتزي,True,0,,1,False,False,False,False,False,False,1,10,2026-05-26 17:53:32,10,2026-05-26 17:53:32,False,False
927,608,3,09,موجودي محصول نيمه ساخته فانتزي,موجودي محصول نيمه ساخته فانتزي,True,0,,1,False,False,False,False,False,False,1,10,2026-05-26 17:54:22,10,2026-05-26 17:54:22,False,False
928,608,3,10,موجودي محصول فانتزي,موجودي محصول فانتزي,True,0,,1,False,False,False,False,False,False,1,10,2026-05-26 17:54:36,10,2026-05-26 17:54:36,False,False
929,629,3,05,فروش فانتزي,فروش فانتزي,True,0,,2,False,False,False,False,False,False,1,10,2026-05-26 17:55:55,10,2026-05-26 17:55:55,False,False
930,630,3,05,برگشت از فروش فانتزي,برگشت از فروش فانتزي,True,0,,2,False,False,False,False,False,False,1,10,2026-05-26 17:57:25,10,2026-05-26 17:57:25,False,False
931,630,3,15,تخفيفات فروش فانتزي,تخفيفات فروش فانتزي,True,0,,2,False,False,False,False,False,False,1,10,2026-05-26 17:57:56,10,2026-05-26 17:57:56,False,False
