ElementId,Title,Title_En,Class,Type,NormalType,AccountRef,DlType,InsuranceCoverage,Taxable,UnrelatedToWorkingTime,CalculateForMinWorkingTime,CalculateForMinBase,Coefficient,FixPoint,DenominatorsType,Denominators,SavingRemainder,IsActive,DisplayOrder,Version,Creator,CreationDate,LastModifier,LastModificationDate,PaymentAccountRef,PaymentDlType,ElementTaxType
-3192,ماليات محاسبه شده عيدي,ماليات محاسبه شده عيدي,1,6,1,,0,,,,,,1.0000,0.0000,,,,True,3192,1,1,2024-06-22 10:43:19.257000,1,2024-06-22 10:43:19.257000,,,0
-3191,ماليات دستي عيدي,ماليات دستي عيدي,1,6,1,,0,,,,,,1.0000,0.0000,,,,True,3191,1,1,2024-06-22 10:43:19.257000,1,2024-06-22 10:43:19.257000,,,0
-3190,روزهاي عيدي,روزهاي عيدي,1,6,1,,0,,,,,,1.0000,0.0000,,,,True,3000,1,1,2018-03-05 13:34:03.273000,1,2018-03-05 13:34:03.273000,,,0
-3180,رند عيدي,رند عيدي,1,6,1,,0,,,,,,1.0000,0.0000,,,,True,3180,1,1,2018-03-05 13:34:03.280000,1,2018-03-05 13:34:03.280000,,,0
-3170,قابل پرداخت عيدي,قابل پرداخت عيدي,1,6,1,,0,,,,,,1.0000,0.0000,,,,True,3170,1,1,2018-03-05 13:34:03.280000,1,2018-03-05 13:34:03.280000,,,0
-3160,رند قبلي عيدي,رند قبلي عيدي,1,6,1,,0,,,,,,1.0000,0.0000,,,,True,3160,1,1,2018-03-05 13:34:03.280000,1,2018-03-05 13:34:03.280000,,,0
-3152,تخفيف ماليات عيدي,تخفيف ماليات عيدي,1,6,1,,0,,,,,,1.0000,0.0000,,,,True,3152,1,1,2025-05-21 09:33:34.820000,1,2025-05-21 09:33:34.820000,,,0
-3151,مقدار اصلي ماليات عيدي,مقدار اصلي ماليات عيدي,1,6,1,,0,,,,,,1.0000,0.0000,,,,True,3151,1,1,2018-03-05 13:34:03.283000,1,2018-03-05 13:34:03.283000,,,0
-3150,ماليات عيدي,ماليات عيدي,1,6,1,,0,,,,,,1.0000,0.0000,,,,True,3150,1,1,2018-03-05 13:34:03.280000,1,2018-03-05 13:34:03.280000,,,0
-3140,ماليات كل عيدي,ماليات كل عيدي,1,6,1,,0,,,,,,1.0000,0.0000,,,,True,3140,1,1,2018-03-05 13:34:03.280000,1,2018-03-05 13:34:03.280000,,,0
-3134,خروجي جدول مشمول ماليات عيدي ماهانه,خروجي جدول مشمول ماليات عيدي ماهانه,1,6,1,,0,,,,,,1.0000,0.0000,,,,True,3134,1,1,2023-04-02 12:05:14.920000,1,2023-04-02 12:05:14.920000,,,0
-3133,ميانگين درآمد و مشمول ماليات عيدي ماهانه,ميانگين درآمد و مشمول ماليات عيدي ماهانه,1,6,1,,0,,,,,,1.0000,0.0000,,,,True,3133,1,1,2023-04-02 12:05:14.920000,1,2023-04-02 12:05:14.920000,,,0
-3132,مشمول ماليات عيدي ماهانه,مشمول ماليات عيدي ماهانه,1,6,1,,0,,,,,,1.0000,0.0000,,,,True,3132,1,1,2023-04-02 12:05:14.920000,1,2023-04-02 12:05:14.920000,,,0
-3130,خروجي جدول ماليات براي ميانگين درآمد عيدي ماقبل 1401,خروجي جدول ماليات براي ميانگين درآمد عيدي ماقبل 1401,1,6,1,,0,,,,,,1.0000,0.0000,,,,True,3130,1,1,2018-03-05 13:34:03.280000,1,2018-03-05 13:34:03.280000,,,0
-3120,ميانگين درآمد مشمول ماليات عيدي,ميانگين درآمد مشمول ماليات عيدي,1,6,1,,0,,,,,,1.0000,0.0000,,,,True,3120,1,1,2018-03-05 13:34:03.280000,1,2018-03-05 13:34:03.280000,,,0
-3110,ماه هاي ماليات سال عيدي,ماه هاي ماليات سال عيدي,1,6,1,,0,,,,,,1.0000,0.0000,,,,True,3110,1,1,2018-03-05 13:34:03.280000,1,2018-03-05 13:34:03.280000,,,0
-3100,روزهاي كامل سال عيدي,روزهاي كامل سال عيدي,1,6,1,,0,,,,,,1.0000,0.0000,,,,True,3100,1,1,2018-03-05 13:34:03.277000,1,2018-03-05 13:34:03.277000,,,0
-3090,روزهاي ماليات سال عيدي,روزهاي ماليات سال عيدي,1,6,1,,0,,,,,,1.0000,0.0000,,,,True,3090,1,1,2018-03-05 13:34:03.277000,1,2018-03-05 13:34:03.277000,,,0
-3080,مشمول ماليات عيدي,مشمول ماليات عيدي,1,6,1,,0,,,,,,1.0000,0.0000,,,,True,3075,1,1,2018-03-05 13:34:03.277000,1,2018-03-05 13:34:03.277000,,,0
-3070,جمع درآمد سال مشمول ماليات عيدي,جمع درآمد سال مشمول ماليات عيدي,1,6,1,,0,,,,,,1.0000,0.0000,,,,True,3070,1,1,2018-03-05 13:34:03.277000,1,2018-03-05 13:34:03.277000,,,0
-3060,معافيت مالياتي عيدي,معافيت مالياتي عيدي,1,6,1,,0,,,,,,1.0000,0.0000,,,,True,3060,1,1,2018-03-05 13:34:03.277000,1,2018-03-05 13:34:03.277000,,,0
-3050,مزاياي عيدي,مزاياي عيدي,1,6,1,,0,,,,,,1.0000,0.0000,,,,True,3050,1,1,2018-03-05 13:34:03.277000,1,2018-03-05 13:34:03.277000,,,0
-3040,ماخذ عيدي,ماخذ عيدي,1,6,1,,0,,,,,,1.0000,0.0000,,,,True,3040,1,1,2018-03-05 13:34:03.277000,1,2018-03-05 13:34:03.277000,,,0
-3030,سقف عيدي,سقف عيدي,1,6,1,,0,,,,,,1.0000,0.0000,,,,True,3030,1,1,2018-03-05 13:34:03.273000,1,2018-03-05 13:34:03.273000,,,0
-3020,مبناي عيدي,مبناي عيدي,1,6,1,,0,,,,,,1.0000,0.0000,,,,True,3020,1,1,2018-03-05 13:34:03.273000,1,2018-03-05 13:34:03.273000,,,0
-3012,جمع عيدي مشمول ماليات سال تا ماه قبل,جمع عيدي مشمول ماليات سال تا ماه قبل,1,6,1,,0,,,,,,1.0000,0.0000,,,,True,3012,1,1,2018-03-05 13:34:03.283000,1,2018-03-05 13:34:03.283000,,,0
-3011,جمع مزاياي عيدي سال تا ماه قبل,جمع مزاياي عيدي سال تا ماه قبل,1,6,1,,0,,,,,,1.0000,0.0000,,,,True,3011,1,1,2018-03-05 13:34:03.283000,1,2018-03-05 13:34:03.283000,,,0
-3010,خالص عيدي,خالص عيدي,1,6,1,,0,,,,,,1.0000,0.0000,,,,True,3190,1,1,2018-03-05 13:34:03.280000,1,2018-03-05 13:34:03.280000,,,0
-2251,جمع بازخريد مرخصي سال تا ماه قبل,جمع بازخريد مرخصي سال تا ماه قبل,1,6,1,,0,,,,,,1.0000,0.0000,,,,True,2251,1,1,2018-03-05 13:34:03.273000,1,2018-03-05 13:34:03.273000,,,0
-2250,مقدار بازخريد,مقدار بازخريد,1,6,1,,0,,,,,,1.0000,0.0000,,,,True,1995,1,1,2018-03-05 13:34:03.273000,1,2018-03-05 13:34:03.273000,,,0
-2240,مانده مرخصي قبل از بازخريد,مانده مرخصي قبل از بازخريد,1,6,1,,0,,,,,,1.0000,0.0000,,,,True,1990,1,1,2018-03-05 13:34:03.273000,1,2018-03-05 13:34:03.273000,,,0
-2230,رند بازخريد مرخصي,رند بازخريد مرخصي,1,6,1,,0,,,,,,1.0000,0.0000,,,,True,2230,1,1,2018-03-05 13:34:03.270000,1,2018-03-05 13:34:03.270000,,,0
-2220,قابل پرداخت بازخريد مرخصي,قابل پرداخت بازخريد مرخصي,1,6,1,,0,,,,,,1.0000,0.0000,,,,True,2220,1,1,2018-03-05 13:34:03.270000,1,2018-03-05 13:34:03.270000,,,0
-2210,رند قبلي بازخريد مرخصي,رند قبلي بازخريد مرخصي,1,6,1,,0,,,,,,1.0000,0.0000,,,,True,2210,1,1,2018-03-05 13:34:03.270000,1,2018-03-05 13:34:03.270000,,,0
-2201,مقدار اصلي ماليات مرخصي,مقدار اصلي ماليات مرخصي,1,6,1,,0,,,,,,1.0000,0.0000,,,,True,2201,1,1,2018-03-05 13:34:03.273000,1,2018-03-05 13:34:03.273000,,,0
-2200,ماليات مرخصي,ماليات مرخصي,1,6,1,,0,,,,,,1.0000,0.0000,,,,True,2200,1,1,2018-03-05 13:34:03.270000,1,2018-03-05 13:34:03.270000,,,0
-2190,ماليات كل مرخصي,ماليات كل مرخصي,1,6,1,,0,,,,,,1.0000,0.0000,,,,True,2190,1,1,2018-03-05 13:34:03.270000,1,2018-03-05 13:34:03.270000,,,0
-2180,خروجي جدول ماليات براي ميانگين درآمد مرخصي,خروجي جدول ماليات براي ميانگين درآمد مرخصي,1,6,1,,0,,,,,,1.0000,0.0000,,,,True,2180,1,1,2018-03-05 13:34:03.270000,1,2018-03-05 13:34:03.270000,,,0
-2170,ميانگين درآمد مشمول ماليات مرخصي,ميانگين درآمد مشمول ماليات مرخصي,1,6,1,,0,,,,,,1.0000,0.0000,,,,True,2170,1,1,2018-03-05 13:34:03.270000,1,2018-03-05 13:34:03.270000,,,0
-2160,ماه هاي ماليات سال مرخصي,ماه هاي ماليات سال مرخصي,1,6,1,,0,,,,,,1.0000,0.0000,,,,True,2160,1,1,2018-03-05 13:34:03.270000,1,2018-03-05 13:34:03.270000,,,0
-2150,روزهاي كامل سال مرخصي,روزهاي كامل سال مرخصي,1,6,1,,0,,,,,,1.0000,0.0000,,,,True,2150,1,1,2018-03-05 13:34:03.270000,1,2018-03-05 13:34:03.270000,,,0
-2140,روزهاي ماليات سال مرخصي,روزهاي ماليات سال مرخصي,1,6,1,,0,,,,,,1.0000,0.0000,,,,True,2140,1,1,2018-03-05 13:34:03.270000,1,2018-03-05 13:34:03.270000,,,0
-2130,جمع درآمد مشمول ماليات سال مرخصي,جمع درآمد مشمول ماليات سال مرخصي,1,6,1,,0,,,,,,1.0000,0.0000,,,,True,2130,1,1,2018-03-05 13:34:03.267000,1,2018-03-05 13:34:03.267000,,,0
-2120,مزاياي مرخصي,مزاياي مرخصي,1,6,1,,0,,,,,,1.0000,0.0000,,,,True,2120,1,1,2018-03-05 13:34:03.267000,1,2018-03-05 13:34:03.267000,,,0
-2110,مبناي بازخريد مرخصي,مبناي بازخريد مرخصي,1,6,1,,0,,,,,,1.0000,0.0000,,,,True,2110,1,1,2018-03-05 13:34:03.267000,1,2018-03-05 13:34:03.267000,,,0
-2100,بازخريد مرخصي,بازخريد مرخصي,1,6,1,,0,,,,,,1.0000,0.0000,,,,True,2300,1,1,2018-03-05 13:34:03.267000,1,2018-03-05 13:34:03.267000,,,0
-2020,مبناي مرخصي,مبناي مرخصي,1,6,1,,0,,,,,,1.0000,0.0000,,,,True,2020,1,1,2018-03-05 13:34:03.267000,1,2018-03-05 13:34:03.267000,,,0
-2010,ذخيره مرخصي,ذخيره مرخصي,1,6,1,,0,,,,,,1.0000,0.0000,,,,True,2025,1,1,2018-03-05 13:34:03.263000,1,2018-03-05 13:34:03.263000,,,0
-2005,مقدار ذخيره مرخصي,مقدار ذخيره مرخصي,1,6,1,,0,,,,,,1.0000,0.0000,,,,True,2005,1,1,2018-03-05 13:34:03.263000,1,2018-03-05 13:34:03.263000,,,0
-2000,جمع درآمد بازخريد مرخصي مشمول ماليات,جمع درآمد بازخريد مرخصي مشمول ماليات,1,6,1,,0,,,,,,1.0000,0.0000,,,,True,2175,1,1,2018-03-05 13:34:03.263000,1,2018-03-05 13:34:03.263000,,,0
-1590,روز در سال بازخريد سنوات,روز در سال بازخريد سنوات,1,6,1,,0,,,,,,1.0000,0.0000,,,,True,1485,1,1,2018-03-05 13:34:03.263000,1,2018-03-05 13:34:03.263000,,,0
-1580,روزهاي بازخريد سنوات,روزهاي بازخريد سنوات,1,6,1,,0,,,,,,1.0000,0.0000,,,,True,1490,1,1,2018-03-05 13:34:03.263000,1,2018-03-05 13:34:03.263000,,,0
-1570,تاريخ مبنا بازخريد سنوات,تاريخ مبنا بازخريد سنوات,1,6,1,,0,,,,,,1.0000,0.0000,,,,True,1570,1,1,2018-03-05 13:34:03.263000,1,2018-03-05 13:34:03.263000,,,0
-1560,خالص پرداختي بازخريد سنوات,خالص پرداختي بازخريد سنوات,1,6,1,,0,,,,,,1.0000,0.0000,,,,True,1560,1,1,2018-03-05 13:34:03.263000,1,2018-03-05 13:34:03.263000,,,0
-1550,رند سنوات,رند سنوات,1,6,1,,0,,,,,,1.0000,0.0000,,,,True,1550,1,1,2018-03-05 13:34:03.263000,1,2018-03-05 13:34:03.263000,,,0
-1540,قابل پرداخت سنوات,قابل پرداخت سنوات,1,6,1,,0,,,,,,1.0000,0.0000,,,,True,1540,1,1,2018-03-05 13:34:03.260000,1,2018-03-05 13:34:03.260000,,,0
-1530,رند قبلي سنوات,رند قبلي سنوات,1,6,1,,0,,,,,,1.0000,0.0000,,,,True,1530,1,1,2018-03-05 13:34:03.260000,1,2018-03-05 13:34:03.260000,,,0
-1520,هزينه سنوات,هزينه سنوات,1,6,1,,0,,,,,,1.0000,0.0000,,,,True,1520,1,1,2018-03-05 13:34:03.260000,1,2018-03-05 13:34:03.260000,,,0
-1517,ذخيره سنوات (بازخريد سنوات),ذخيره سنوات (بازخريد سنوات),1,6,1,,0,,,,,,1.0000,0.0000,,,,True,1517,1,1,2018-03-05 13:34:03.260000,1,2018-03-05 13:34:03.260000,,,0
-1510,مبناي بازخريد سنوات,مبناي بازخريد سنوات,1,6,1,,0,,,,,,1.0000,0.0000,,,,True,1510,1,1,2018-03-05 13:34:03.260000,1,2018-03-05 13:34:03.260000,,,0
-1500,بازخريد سنوات,بازخريد سنوات,1,6,1,,0,,,,,,1.0000,0.0000,,,,True,1515,1,1,2018-03-05 13:34:03.260000,1,2018-03-05 13:34:03.260000,,,0
-795,جمع عوامل غير مستمر غير نقدي مشمول ماليات سال تا ماه قبل,جمع عوامل غير مستمر غير نقدي مشمول ماليات سال تا ماه قبل,1,6,1,,0,,,,,,1.0000,0.0000,,,,True,795,1,1,2026-05-12 11:27:45.247000,1,2026-05-12 11:27:45.247000,,,0
-794,جمع عوامل مستمر غير نقدي مشمول ماليات سال تا ماه قبل,جمع عوامل مستمر غير نقدي مشمول ماليات سال تا ماه قبل,1,6,1,,0,,,,,,1.0000,0.0000,,,,True,794,1,1,2026-05-12 11:27:45.247000,1,2026-05-12 11:27:45.247000,,,0
-726,درآمد غير مستمر غير نقدي مشمول ماليات,درآمد غير مستمر غير نقدي مشمول ماليات,1,6,1,,0,,,,,,1.0000,0.0000,,,,True,726,1,1,2026-05-12 11:27:45.247000,1,2026-05-12 11:27:45.247000,,,0
-725,درآمد غير مستمر نقدي مشمول ماليات,درآمد غير مستمر نقدي مشمول ماليات,1,6,1,,0,,,,,,1.0000,0.0000,,,,True,725,1,1,2026-05-12 11:10:14.680000,1,2026-05-12 11:10:14.680000,,,0
-716,درآمد مستمر غير نقدي مشمول ماليات,درآمد مستمر غير نقدي مشمول ماليات,1,6,1,,0,,,,,,1.0000,0.0000,,,,True,716,1,1,2026-05-12 11:27:45.247000,1,2026-05-12 11:27:45.247000,,,0
-715,درآمد مستمر نقدي مشمول ماليات,درآمد مستمر نقدي مشمول ماليات,1,6,1,,0,,,,,,1.0000,0.0000,,,,True,715,1,1,2026-05-12 11:10:14.680000,1,2026-05-12 11:10:14.680000,,,0
-705,جمع عوامل غير مستمر غير نقدي مشمول ماليات,جمع عوامل غير مستمر غير نقدي مشمول ماليات,1,6,1,,0,,,,,,1.0000,0.0000,,,,True,705,1,1,2026-05-12 11:27:45.247000,1,2026-05-12 11:27:45.247000,,,0
-700,جمع عوامل مستمر غير نقدي مشمول ماليات,جمع عوامل مستمر غير نقدي مشمول ماليات,1,6,1,,0,,,,,,1.0000,0.0000,,,,True,700,1,1,2026-05-12 11:27:45.243000,1,2026-05-12 11:27:45.243000,,,0
-675,پايه سنوات محاسبه شده با توجه به حضور,پايه سنوات محاسبه شده با توجه به حضور,1,6,1,,0,,,,,,1.0000,0.0000,,,,True,675,1,1,2025-03-13 09:48:44.670000,1,2025-03-13 09:48:44.670000,,,0
-670,پايه سنوات محاسبه شده,پايه سنوات محاسبه شده,1,6,1,,0,,,,,,1.0000,0.0000,,,,True,670,1,1,2025-03-13 09:48:44.670000,1,2025-03-13 09:48:44.670000,,,0
-650,حق تاهل محاسبه شده,حق تاهل محاسبه شده,1,6,1,,0,,,,,,1.0000,0.0000,,,,True,650,1,1,2025-03-13 09:48:44.637000,1,2025-03-13 09:48:44.637000,,,0
-600,معافيت بيمه كارفرما,معافيت بيمه كارفرما,1,6,1,,0,,,,,,1.0000,0.0000,,,,True,600,1,1,2018-03-05 13:34:03.257000,1,2018-03-05 13:34:03.257000,,,0
-560,روزهاي ذخيره سنوات,روزهاي ذخيره سنوات,1,6,1,,0,,,,,,1.0000,0.0000,,,,True,500,1,1,2018-03-05 13:34:03.260000,1,2018-03-05 13:34:03.260000,,,0
-550,تاريخ مبنا ذخيره سنوات,تاريخ مبنا ذخيره سنوات,1,6,1,,0,,,,,,1.0000,0.0000,,,,True,550,1,1,2018-03-05 13:34:03.257000,1,2018-03-05 13:34:03.257000,,,0
-540,ذخيره سنوات طي دوره,ذخيره سنوات طي دوره,1,6,1,,0,,,,,,1.0000,0.0000,,,,True,540,1,1,2018-03-05 13:34:03.257000,1,2018-03-05 13:34:03.257000,,,0
-530,ذخيره سنوات ابتداي دوره,ذخيره سنوات ابتداي دوره,1,6,1,,0,,,,,,1.0000,0.0000,,,,True,530,1,1,2018-03-05 13:34:03.257000,1,2018-03-05 13:34:03.257000,,,0
-510,مبناي ذخيره سنوات,مبناي ذخيره سنوات,1,6,1,,0,,,,,,1.0000,0.0000,,,,True,510,1,1,2018-03-05 13:34:03.257000,1,2018-03-05 13:34:03.257000,,,0
-500,ذخيره سنوات,ذخيره سنوات,1,6,1,,0,,,,,,1.0000,0.0000,,,,True,560,1,1,2018-03-05 13:34:03.257000,1,2018-03-05 13:34:03.257000,,,0
-450,ماليات محاسبه شده,ماليات محاسبه شده,1,6,1,,0,,,,,,1.0000,0.0000,,,,True,450,1,1,2024-06-22 10:43:19.217000,1,2024-06-22 10:43:19.217000,,,0
-420,مانده مرخصي,مانده مرخصي,1,6,1,,0,,,,,,1.0000,0.0000,,,,True,420,1,1,2018-03-05 13:34:03.253000,1,2018-03-05 13:34:03.253000,,,0
-418,مانده مرخصي واقعي,مانده مرخصي واقعي,1,6,1,,0,,,,,,1.0000,0.0000,,,,True,418,1,1,2018-03-05 13:34:03.253000,1,2018-03-05 13:34:03.253000,,,0
-417,مرخصي استفاده شده,مرخصي استفاده شده,1,6,1,,0,,,,,,1.0000,0.0000,,,,True,417,1,1,2018-03-05 13:34:03.253000,1,2018-03-05 13:34:03.253000,,,0
-415,استقرار مرخصي,استقرار مرخصي,1,6,1,,0,,,,,,1.0000,0.0000,,,,True,415,1,1,2018-03-05 13:34:03.253000,1,2018-03-05 13:34:03.253000,,,0
-410,مرخصي تعلق گرفته شده,مرخصي تعلق گرفته شده,1,6,1,,0,,,,,,1.0000,0.0000,,,,True,410,1,1,2018-03-05 13:34:03.253000,1,2018-03-05 13:34:03.253000,,,0
-400,كاركرد مرخصي,كاركرد مرخصي,1,6,1,,0,,,,,,1.0000,0.0000,,,,True,400,1,1,2018-03-05 13:34:03.253000,1,2018-03-05 13:34:03.253000,,,0
-399,جمع عوامل غير مستمر سال تا ماه قبل,جمع عوامل غير مستمر سال تا ماه قبل,1,6,1,,0,,,,,,1.0000,0.0000,,,,True,399,1,1,2018-03-05 13:34:03.253000,1,2018-03-05 13:34:03.253000,,,0
-398,جمع عوامل مستمر سال تا ماه قبل,جمع عوامل مستمر سال تا ماه قبل,1,6,1,,0,,,,,,1.0000,0.0000,,,,True,398,1,1,2018-03-05 13:34:03.250000,1,2018-03-05 13:34:03.250000,,,0
-397,جمع عوامل غير مستمر,جمع عوامل غير مستمر,1,6,1,,0,,,,,,1.0000,0.0000,,,,True,397,1,1,2018-03-05 13:34:03.250000,1,2018-03-05 13:34:03.250000,,,0
-396,جمع عوامل مستمر,جمع عوامل مستمر,1,6,1,,0,,,,,,1.0000,0.0000,,,,True,396,1,1,2018-03-05 13:34:03.250000,1,2018-03-05 13:34:03.250000,,,0
-395,جمع عوامل غير مستمر نقدي مشمول ماليات سال تا ماه قبل,جمع عوامل غير مستمر نقدي مشمول ماليات سال تا ماه قبل,1,6,1,,0,,,,,,1.0000,0.0000,,,,True,395,1,1,2018-03-05 13:34:03.247000,1,2018-03-05 13:34:03.247000,,,0
-394,جمع عوامل مستمر نقدي مشمول ماليات سال تا ماه قبل,جمع عوامل مستمر نقدي مشمول ماليات سال تا ماه قبل,1,6,1,,0,,,,,,1.0000,0.0000,,,,True,394,1,1,2018-03-05 13:34:03.247000,1,2018-03-05 13:34:03.247000,,,0
-393,معافيت جدول ماليات ماه جاري,معافيت جدول ماليات ماه جاري,1,6,1,,0,,,,,,1.0000,0.0000,,,,True,393,1,1,2018-03-05 13:34:03.247000,1,2018-03-05 13:34:03.247000,,,0
-392,جمع معافيت جدول ماليات سال,جمع معافيت جدول ماليات سال,1,6,1,,0,,,,,,1.0000,0.0000,,,,True,392,1,1,2018-03-05 13:34:03.247000,1,2018-03-05 13:34:03.247000,,,0
-391,معافيت جدول ماليات,معافيت جدول ماليات,1,6,1,,0,,,,,,1.0000,0.0000,,,,True,391,1,1,2018-03-05 13:34:03.247000,1,2018-03-05 13:34:03.247000,,,0
-390,ماليات,ماليات,1,6,1,,0,,,,,,1.0000,0.0000,,,,True,390,1,1,2018-03-05 13:34:03.247000,1,2018-03-05 13:34:03.247000,,,0
-389,مقدار اصلي ماليات,مقدار اصلي ماليات,1,6,1,,0,,,,,,1.0000,0.0000,,,,True,389,1,1,2018-03-05 13:34:03.250000,1,2018-03-05 13:34:03.250000,,,0
-385,ماليات ماه جاري,ماليات ماه جاري,1,6,1,,0,,,,,,1.0000,0.0000,,,,True,385,1,1,2018-03-05 13:34:03.247000,1,2018-03-05 13:34:03.247000,,,0
-381,ماليات كل پس از تخفيف,ماليات كل پس از تخفيف,1,6,1,,0,,,,,,1.0000,0.0000,,,,True,381,1,1,2025-05-21 09:33:34.817000,1,2025-05-21 09:33:34.817000,,,0
-380,ماليات كل,ماليات كل,1,6,1,,0,,,,,,1.0000,0.0000,,,,True,380,1,1,2018-03-05 13:34:03.243000,1,2018-03-05 13:34:03.243000,,,0
-375,خروجي جدول ماليات براي ميانگين درآمد,خروجي جدول ماليات براي ميانگين درآمد,1,6,1,,0,,,,,,1.0000,0.0000,,,,True,375,1,1,2018-03-05 13:34:03.243000,1,2018-03-05 13:34:03.243000,,,0
-370,ميانگين درآمد سال,ميانگين درآمد سال,1,6,1,,0,,,,,,1.0000,0.0000,,,,True,370,1,1,2018-03-05 13:34:03.243000,1,2018-03-05 13:34:03.243000,,,0
-365,ماه هاي ماليات سال,ماه هاي ماليات سال,1,6,1,,0,,,,,,1.0000,0.0000,,,,True,365,1,1,2018-03-05 13:34:03.243000,1,2018-03-05 13:34:03.243000,,,0
-360,روزهاي كامل سال,روزهاي كامل سال,1,6,1,,0,,,,,,1.0000,0.0000,,,,True,360,1,1,2018-03-05 13:34:03.243000,1,2018-03-05 13:34:03.243000,,,0
-355,روزهاي ماليات سال,روزهاي ماليات سال,1,6,1,,0,,,,,,1.0000,0.0000,,,,True,355,1,1,2018-03-05 13:34:03.243000,1,2018-03-05 13:34:03.243000,,,0
-350,روزهاي ماليات ماه جاري,روزهاي ماليات ماه جاري,1,6,1,,0,,,,,,1.0000,0.0000,,,,True,350,1,1,2018-03-05 13:34:03.243000,1,2018-03-05 13:34:03.243000,,,0
-345,جمع درآمد مشمول ماليات سال,جمع درآمد مشمول ماليات سال,1,6,1,,0,,,,,,1.0000,0.0000,,,,True,345,1,1,2018-03-05 13:34:03.240000,1,2018-03-05 13:34:03.240000,,,0
-340,جمع عوامل معاف از ماليات ماه جاري,جمع عوامل معاف از ماليات ماه جاري,1,6,1,,0,,,,,,1.0000,0.0000,,,,True,340,1,1,2018-03-05 13:34:03.240000,1,2018-03-05 13:34:03.240000,,,0
-335,جمع عوامل معاف از ماليات ماه هاي قبل,جمع عوامل معاف از ماليات ماه هاي قبل,1,6,1,,0,,,,,,1.0000,0.0000,,,,True,335,1,1,2018-03-05 13:34:03.240000,1,2018-03-05 13:34:03.240000,,,0
-330,درآمد مشمول ماليات ماه جاري,درآمد مشمول ماليات ماه جاري,1,6,1,,0,,,,,,1.0000,0.0000,,,,True,330,1,1,2018-03-05 13:34:03.240000,1,2018-03-05 13:34:03.240000,,,0
-325,درآمد غير مستمر مشمول ماليات,درآمد غير مستمر مشمول ماليات,1,6,1,,0,,,,,,1.0000,0.0000,,,,True,325,1,1,2018-03-05 13:34:03.240000,1,2018-03-05 13:34:03.240000,,,0
-324,ميزان سهم معافيت عوامل مستمر و غير مستمر,ميزان سهم معافيت عوامل مستمر و غير مستمر,1,6,1,,0,,,,,,1.0000,0.0000,,,,True,324,1,1,2025-05-21 09:33:34.817000,1,2025-05-21 09:33:34.817000,,,0
-323,ميزان سهم معافيت انگيزشي,ميزان سهم معافيت انگيزشي,1,6,1,,0,,,,,,1.0000,0.0000,,,,True,323,1,1,2025-05-21 09:33:34.817000,1,2025-05-21 09:33:34.817000,,,0
-322,بازخريد خدمت محاسبه شده,بازخريد خدمت محاسبه شده,1,6,1,,0,,,,,,1.0000,0.0000,,,,True,322,1,1,2025-05-21 09:33:34.817000,1,2025-05-21 09:33:34.817000,,,0
-321,خسارت اخراج محاسبه شده,خسارت اخراج محاسبه شده,1,6,1,,0,,,,,,1.0000,0.0000,,,,True,321,1,1,2025-05-21 09:33:34.817000,1,2025-05-21 09:33:34.817000,,,0
-320,درآمد غير مستمر نقدي مشمول ماليات ماه هاي قبل,درآمد غير مستمر نقدي مشمول ماليات ماه هاي قبل,1,6,1,,0,,,,,,1.0000,0.0000,,,,True,320,1,1,2018-03-05 13:34:03.240000,1,2018-03-05 13:34:03.240000,,,0
-319,پاداش پايان خدمت محاسبه شده,پاداش پايان خدمت محاسبه شده,1,6,1,,0,,,,,,1.0000,0.0000,,,,True,319,1,1,2025-05-21 09:33:34.817000,1,2025-05-21 09:33:34.817000,,,0
-318,پاداش  - به استثناي پاداش آخر سال و پاداش پايان خدمت محاسبه شده,پاداش  - به استثناي پاداش آخر سال و پاداش پايان خدمت محاسبه شده,1,6,1,,0,,,,,,1.0000,0.0000,,,,True,318,1,1,2025-05-21 09:33:34.817000,1,2025-05-21 09:33:34.817000,,,0
-317,كارانه محاسبه شده,كارانه محاسبه شده,1,6,1,,0,,,,,,1.0000,0.0000,,,,True,317,1,1,2025-05-21 09:33:34.817000,1,2025-05-21 09:33:34.817000,,,0
-316,فوق العاده مسافرت(ماموريت) محاسبه شده,فوق العاده مسافرت(ماموريت) محاسبه شده,1,6,1,,0,,,,,,1.0000,0.0000,,,,True,316,1,1,2025-05-21 09:33:34.817000,1,2025-05-21 09:33:34.817000,,,0
-315,درآمد مستمر مشمول ماليات,درآمد مستمر مشمول ماليات,1,6,1,,0,,,,,,1.0000,0.0000,,,,True,315,1,1,2018-03-05 13:34:03.240000,1,2018-03-05 13:34:03.240000,,,0
-314,هزينه سفرمحاسبه شده,هزينه سفرمحاسبه شده,1,6,1,,0,,,,,,1.0000,0.0000,,,,True,314,1,1,2025-05-21 09:33:34.813000,1,2025-05-21 09:33:34.813000,,,0
-313,مبلغ قراردادهاي پژوهشي محاسبه شده,مبلغ قراردادهاي پژوهشي محاسبه شده,1,6,1,,0,,,,,,1.0000,0.0000,,,,True,313,1,1,2025-05-21 09:33:34.813000,1,2025-05-21 09:33:34.813000,,,0
-312,مبلغ حق الزحمه/حق مشاوره/حق حضور/حق نظارت/حق التاليف/ حق فني/ پاداش شوراي حل اختلاف محاسبه شده,مبلغ حق الزحمه/حق مشاوره/حق حضور/حق نظارت/حق التاليف/ حق فني/ پاداش شوراي حل اختلاف محاسبه شده,1,6,1,,0,,,,,,1.0000,0.0000,,,,True,312,1,1,2025-05-21 09:33:34.813000,1,2025-05-21 09:33:34.813000,,,0
-311,ميانگين درآمد مقطوع,ميانگين درآمد مقطوع,1,6,1,,0,,,,,,1.0000,0.0000,,,,True,311,1,1,2025-05-21 09:33:34.813000,1,2025-05-21 09:33:34.813000,,,0
-310,درآمد مستمر نقدي مشمول ماليات ماه هاي قبل,درآمد مستمر نقدي مشمول ماليات ماه هاي قبل,1,6,1,,0,,,,,,1.0000,0.0000,,,,True,310,1,1,2018-03-05 13:34:03.240000,1,2018-03-05 13:34:03.240000,,,0
-309,تخفيف مالياتي,تخفيف مالياتي,1,6,1,,0,,,,,,1.0000,0.0000,,,,True,309,1,1,2025-05-21 09:33:34.813000,1,2025-05-21 09:33:34.813000,,,0
-308,ماليات مقطوع10%,ماليات مقطوع10%,1,6,1,,0,,,,,,1.0000,0.0000,,,,True,308,1,1,2025-05-21 09:33:34.813000,1,2025-05-21 09:33:34.813000,,,0
-307,مجموع عوامل ماليات مقطوع10%,مجموع عوامل ماليات مقطوع10%,1,6,1,,0,,,,,,1.0000,0.0000,,,,True,307,1,1,2025-05-21 09:33:34.813000,1,2025-05-21 09:33:34.813000,,,0
-306,حق السعي محاسبه شده,حق السعي محاسبه شده,1,6,1,,0,,,,,,1.0000,0.0000,,,,True,306,1,1,2025-05-21 09:33:34.813000,1,2025-05-21 09:33:34.813000,,,0
-305,جمع عوامل غير مستمر نقدي مشمول ماليات,جمع عوامل غير مستمر نقدي مشمول ماليات,1,6,1,,0,,,,,,1.0000,0.0000,,,,True,305,1,1,2018-03-05 13:34:03.237000,1,2018-03-05 13:34:03.237000,,,0
-304,رفاهي و انگيزشي و بهره وري محاسبه شده,رفاهي و انگيزشي و بهره وري محاسبه شده,1,6,1,,0,,,,,,1.0000,0.0000,,,,True,304,1,1,2025-05-21 09:33:34.813000,1,2025-05-21 09:33:34.813000,,,0
-303,حق كشيك محاسبه شده,حق كشيك محاسبه شده,1,6,1,,0,,,,,,1.0000,0.0000,,,,True,303,1,1,2025-05-21 09:33:34.813000,1,2025-05-21 09:33:34.813000,,,0
-302,حق التدريس-حق التحقيق-حق پژوهش محاسبه شده,حق التدريس-حق التحقيق-حق پژوهش محاسبه شده,1,6,1,,0,,,,,,1.0000,0.0000,,,,True,302,1,1,2025-05-21 09:33:34.813000,1,2025-05-21 09:33:34.813000,,,0
-301,اضافه كار محاسبه شده,اضافه كار محاسبه شده,1,6,1,,0,,,,,,1.0000,0.0000,,,,True,301,1,1,2025-05-21 09:33:34.763000,1,2025-05-21 09:33:34.763000,,,0
-300,جمع عوامل مستمر نقدي مشمول ماليات,جمع عوامل مستمر نقدي مشمول ماليات,1,6,1,,0,,,,,,1.0000,0.0000,,,,True,300,1,1,2018-03-05 13:34:03.237000,1,2018-03-05 13:34:03.237000,,,0
-270,خالص پرداختي,خالص پرداختي,1,6,1,,0,,,,,,1.0000,0.0000,,,,True,270,1,1,2018-03-05 13:34:03.237000,1,2018-03-05 13:34:03.237000,,,0
-260,قابل پرداخت,قابل پرداخت,1,6,1,,0,,,,,,1.0000,0.0000,,,,True,260,1,1,2018-03-05 13:34:03.237000,1,2018-03-05 13:34:03.237000,,,0
-250,جمع كسور,جمع كسور,1,6,1,,0,,,,,,1.0000,0.0000,,,,True,250,1,1,2018-03-05 13:34:03.237000,1,2018-03-05 13:34:03.237000,,,0
-247,جمع اقساط وام ماه جاري,جمع اقساط وام ماه جاري,1,6,1,,0,,,,,,1.0000,0.0000,,,,True,247,1,1,2018-03-05 13:34:03.237000,1,2018-03-05 13:34:03.237000,,,0
-245,رند قبلي حقوق,رند قبلي حقوق,2,6,1,,0,,False,,,,1.0000,0.0000,,,,True,245,1,1,2018-03-05 13:34:03.233000,1,2018-03-05 13:34:03.233000,,,0
-240,رند حقوق,رند حقوق,1,6,1,,0,,,,,,1.0000,0.0000,,,,True,240,1,1,2018-03-05 13:34:03.230000,1,2018-03-05 13:34:03.230000,,,0
-230,ساير كسورات,ساير كسورات,1,6,1,,0,,,,,,1.0000,0.0000,,,,True,230,1,1,2018-03-05 13:34:03.230000,1,2018-03-05 13:34:03.230000,,,0
-220,مزاياي مشمول بيمه,مزاياي مشمول بيمه,1,6,1,,0,,,,,,1.0000,0.0000,,,,True,220,1,1,2018-03-05 13:34:03.230000,1,2018-03-05 13:34:03.230000,,,0
-210,كل حقوق و مزايا,كل حقوق و مزايا,1,6,1,,0,,,,,,1.0000,0.0000,,,,True,210,1,1,2018-03-05 13:34:03.230000,1,2018-03-05 13:34:03.230000,,,0
-200,دستمزد ماهانه بيمه,دستمزد ماهانه بيمه,1,6,1,,0,,,,,,1.0000,0.0000,,,,True,200,1,1,2018-03-05 13:34:03.230000,1,2018-03-05 13:34:03.230000,,,0
-190,دستمزد روزانه بيمه,دستمزد روزانه بيمه,1,6,1,,0,,,,,,1.0000,0.0000,,,,True,190,1,1,2018-03-05 13:34:03.230000,1,2018-03-05 13:34:03.230000,,,0
-180,بيمه مشاغل سخت,بيمه مشاغل سخت,1,6,1,,0,,,,,,1.0000,0.0000,,,,True,180,1,1,2018-03-05 13:34:03.230000,1,2018-03-05 13:34:03.230000,,,0
-170,بيمه بيكاري,بيمه بيكاري,1,6,1,,0,,,,,,1.0000,0.0000,,,,True,170,1,1,2018-03-05 13:34:03.230000,1,2018-03-05 13:34:03.230000,,,0
-160,بيمه تامين اجتماعي سهم كارفرما,بيمه تامين اجتماعي سهم كارفرما,1,6,1,,0,,,,,,1.0000,0.0000,,,,True,160,1,1,2018-03-05 13:34:03.230000,1,2018-03-05 13:34:03.230000,,,0
-150,بيمه تامين اجتماعي سهم كارمند,بيمه تامين اجتماعي سهم كارمند,1,6,1,,0,,,,,,1.0000,0.0000,,,,True,150,1,1,2018-03-05 13:34:03.230000,1,2018-03-05 13:34:03.230000,,,0
-140,ماخذ بيمه,ماخذ بيمه,1,6,1,,0,,,,,,1.0000,0.0000,,,,True,140,1,1,2018-03-05 13:34:03.230000,1,2018-03-05 13:34:03.230000,,,0
-130,سقف بيمه ماه جاري,سقف بيمه ماه جاري,1,6,1,,0,,,,,,1.0000,0.0000,,,,True,130,1,1,2018-03-05 13:34:03.230000,1,2018-03-05 13:34:03.230000,,,0
-120,كاركرد بيمه ماه جاري,كاركرد بيمه ماه جاري,1,6,1,,0,,,,,,1.0000,0.0000,,,,True,120,1,1,2018-03-05 13:34:03.230000,1,2018-03-05 13:34:03.230000,,,0
-110,جمع عوامل مشمول بيمه,جمع عوامل مشمول بيمه,1,6,1,,0,,,,,,1.0000,0.0000,,,,True,110,1,1,2018-03-05 13:34:03.230000,1,2018-03-05 13:34:03.230000,,,0
97,حقوق پايه,حقوق پايه,2,4,1,,3,True,True,,False,1,1.0000,0.0000,1,30.0000,False,True,1,28,1,2009-12-17 00:00:00,1,2024-03-03 11:36:16,,0,0
98,مزد ساعتي,مزد ساعتي,2,4,1,,3,True,True,,False,2,1.0000,0.0000,1,220.0000,False,True,2,30,1,2009-12-17 00:00:00,1,2024-03-03 11:36:16,,0,0
99,حق سرپرستي,حق سرپرستي,2,4,1,,3,True,True,,False,1,1.0000,0.0000,1,30.0000,False,True,3,30,1,2009-12-17 00:00:00,1,2024-03-03 11:36:16,,0,0
100,حق اولاد,حق اولاد,2,4,1,,3,False,True,,False,1,1.0000,0.0000,2,,False,True,7,28,1,2009-12-17 00:00:00,1,2024-03-03 11:36:16,,0,0
101,حق خواروبار,حق خواروبار,2,4,1,,3,True,True,,False,1,1.0000,0.0000,2,,False,True,10,28,1,2009-12-17 00:00:00,1,2024-03-03 11:36:16,,0,0
102,اضافه كاري,اضافه كاري,2,5,1,,3,True,True,,False,2,1.4000,0.0000,1,220.0000,False,True,11,28,1,2009-12-17 00:00:00,1,2024-03-03 11:36:16,,0,0
103,اضافه كاري تعطيلي,اضافه كاري تعطيلي,2,5,1,,3,True,True,,False,2,1.9600,0.0000,1,220.0000,False,False,12,29,1,2009-12-17 00:00:00,1,2024-03-03 11:36:16,,0,0
105,نوبتكاري,نوبتكاري,2,5,1,,3,True,True,,False,1,1.0000,0.0000,1,30.0000,False,False,16,29,1,2009-12-17 00:00:00,1,2024-03-03 11:36:16,,0,0
106,پاداش نقدي,پاداش نقدي,2,6,1,,3,False,True,,False,0,1.0000,0.0000,0,0.0000,False,True,17,30,1,2009-12-17 00:00:00,1,2024-03-03 11:36:16,,0,0
107,كارانه درصدي,كارانه درصدي,2,5,1,,3,False,True,,False,3,1.0000,0.0000,1,100.0000,False,False,20,29,1,2009-12-17 00:00:00,1,2024-03-03 11:36:16,,0,0
108,اياب و ذهاب,اياب و ذهاب,2,5,1,,3,False,False,,False,1,5000.0000,0.0000,1,1.0000,False,False,21,29,1,2009-12-17 00:00:00,1,2024-03-03 11:36:16,,0,0
109,حق غذا نقدي,حق غذا نقدي,2,6,1,,3,False,False,,False,0,1.0000,0.0000,0,0.0000,False,False,24,29,1,2009-12-17 00:00:00,1,2024-03-03 11:36:16,,0,0
110,بيمه تكميلي سهم كارمند,بيمه تكميلي سهم كارمند,3,4,1,,3,False,False,,False,3,1.0000,0.0000,1,1.0000,False,True,26,30,1,2009-12-17 00:00:00,1,2024-03-03 11:36:16,,0,0
111,مساعده,مساعده,3,6,1,,2,False,False,,False,0,1.0000,0.0000,0,0.0000,False,True,27,29,1,2009-12-17 00:00:00,1,2024-03-03 11:36:16,,0,0
112,حق عضويت,حق عضويت,3,4,1,,2,False,False,,False,3,1.0000,0.0000,1,1.0000,True,False,29,29,1,2009-12-17 00:00:00,1,2024-03-03 11:36:16,,0,0
113,جريمه كسر كار,جريمه كسر كار,3,5,1,,2,False,False,,False,2,1.0000,0.0000,1,220.0000,False,False,30,29,1,2009-12-17 00:00:00,1,2024-03-03 11:36:16,,0,0
114,ساير كسور,ساير كسور,3,6,1,,2,False,False,,False,0,1.0000,0.0000,0,0.0000,False,True,31,28,1,2009-12-17 00:00:00,1,2024-03-03 11:36:16,,0,0
115,بيمه تكميلي سهم كارفرما,بيمه تكميلي سهم كارفرما,4,4,1,,3,False,False,,False,3,1.0000,0.0000,1,1.0000,False,True,32,30,1,2009-12-17 00:00:00,1,2024-03-03 11:36:16,,2,0
116,پس انداز سهم كارفرما,پس انداز سهم كارفرما,4,4,1,,3,False,False,,False,3,1.0000,0.0000,1,1.0000,True,False,33,30,1,2009-12-17 00:00:00,1,2024-03-03 11:36:16,,2,0
117,بن كارگري,بن كارگري,2,4,1,,3,True,True,,False,1,1.0000,0.0000,2,,False,True,3,30,1,2009-12-17 00:00:00,1,2024-03-03 11:36:16,,2,0
118,كاركرد روزانه,كاركرد روزانه,1,1,1,,0,False,False,,False,0,1.0000,0.0000,0,0.0000,False,True,35,27,1,2009-12-17 00:00:00,1,2024-03-03 11:36:16,,0,0
119,كاركرد ساعتي,كاركرد ساعتي,1,2,1,,0,False,False,,False,0,1.0000,0.0000,0,0.0000,False,False,36,28,1,2009-12-17 00:00:00,1,2024-03-03 11:36:16,,0,0
120,كسر كار,كسر كار,1,2,1,,0,False,False,,False,0,1.0000,0.0000,0,0.0000,False,False,37,28,1,2009-12-17 00:00:00,1,2024-03-03 11:36:16,,0,0
121,غيبت,غيبت,1,1,1,,0,False,False,,False,0,1.0000,0.0000,0,0.0000,False,True,38,27,1,2009-12-17 00:00:00,1,2024-03-03 11:36:16,,0,0
122,كاركرد اضافه كاري,كاركرد اضافه كاري,1,2,1,,0,False,False,,False,0,1.0000,0.0000,0,0.0000,False,True,39,29,1,2009-12-17 00:00:00,1,2024-03-03 11:36:16,,0,0
123,كاركرد اضافه كاري تعطيلي,كاركرد اضافه كاري تعطيلي,1,2,1,,0,False,False,,False,0,1.0000,0.0000,0,0.0000,False,False,40,28,1,2009-12-17 00:00:00,1,2024-03-03 11:36:16,,0,0
124,كاركرد ماموريت روزانه,كاركرد ماموريت روزانه,1,1,1,,0,False,False,,False,0,1.0000,0.0000,0,0.0000,False,True,41,27,1,2009-12-17 00:00:00,1,2024-03-03 11:36:16,,0,0
125,كاركرد ماموريت ساعتي,كاركرد ماموريت ساعتي,1,2,1,,0,False,False,,False,0,1.0000,0.0000,0,0.0000,False,False,42,28,1,2009-12-17 00:00:00,1,2024-03-03 11:36:16,,0,0
126,كاركرد نوبتكاري 10 %,كاركرد نوبتكاري 10 %,1,1,1,,0,False,False,,False,0,1.0000,0.0000,0,0.0000,False,False,43,30,1,2009-12-17 00:00:00,1,2024-03-03 11:36:16,,0,0
127,كاركرد نوبتكاري 15 %,كاركرد نوبتكاري 15 %,1,1,1,,0,False,False,,False,0,1.0000,0.0000,0,0.0000,False,False,44,29,1,2009-12-17 00:00:00,1,2024-03-03 11:36:16,,0,0
128,كاركرد نوبتكاري 22.5 %,كاركرد نوبتكاري 22.5 %,1,1,1,,0,,,,,,1.0000,0.0000,,,,False,45,29,1,2009-12-17 00:00:00,1,2024-03-03 11:36:16,,0,0
129,كاركرد مرخصي استعلاجي,كاركرد مرخصي استعلاجي,1,1,1,,0,,,,,,1.0000,0.0000,,,,False,46,28,1,2009-12-17 00:00:00,1,2024-03-03 11:36:16,,0,0
130,كاركرد مرخصي بدون حقوق,كاركرد مرخصي بدون حقوق,1,1,1,,0,,,,,,1.0000,0.0000,,,,False,47,28,1,2009-12-17 00:00:00,1,2024-03-03 11:36:16,,0,0
131,درصد كارانه,درصد كارانه,1,3,1,,0,False,False,,False,0,1.0000,0.0000,0,0.0000,False,False,49,28,1,2009-12-17 00:00:00,1,2024-03-03 11:36:16,,0,0
132,كاركرد اياب و ذهاب,كاركرد اياب و ذهاب,1,1,1,,0,False,False,,False,0,1.0000,0.0000,0,0.0000,False,False,50,29,1,2009-12-17 00:00:00,1,2024-03-03 11:36:16,,0,0
137,حق مسئوليت,حق مسئوليت,2,4,1,,3,True,True,,False,1,1.0000,0.0000,1,30.0000,False,True,4,30,1,2009-12-17 00:00:00,1,2024-03-03 11:36:16,,0,0
138,حق شيفت,حق شيفت,2,4,1,,3,True,True,,False,1,1.0000,0.0000,1,30.0000,False,False,5,29,1,2009-12-17 00:00:00,1,2024-03-03 11:36:16,,0,0
139,حق سنوات,حق سنوات,2,4,1,,3,True,True,,False,1,1.0000,0.0000,1,30.0000,False,True,6,30,1,2009-12-17 00:00:00,1,2024-03-03 11:36:16,,0,0
140,حق مسكن,حق مسكن,2,4,1,,3,True,True,,False,1,1.0000,0.0000,2,,False,True,8,28,1,2009-12-17 00:00:00,1,2024-03-03 11:36:16,,0,0
141,حق الزحمه,حق الزحمه,2,4,1,,3,False,True,,False,1,1.0000,0.0000,1,30.0000,False,False,9,29,1,2009-12-17 00:00:00,1,2024-03-03 11:36:16,,0,0
142,ماموريت روزانه,ماموريت روزانه,2,5,1,,3,False,False,,False,1,1.0000,0.0000,1,30.0000,False,True,14,28,1,2009-12-17 00:00:00,1,2024-03-03 11:36:16,,0,0
143,ماموريت ساعتي,ماموريت ساعتي,2,5,1,,3,False,False,,False,2,1.0000,0.0000,1,220.0000,False,False,15,29,1,2009-12-17 00:00:00,1,2024-03-03 11:36:16,,0,0
144,پاداش درصدي,پاداش درصدي,2,5,1,,3,False,True,,False,3,1.0000,0.0000,1,100.0000,False,False,18,29,1,2009-12-17 00:00:00,1,2024-03-03 11:36:16,,0,0
145,كارانه نقدي,كارانه نقدي,2,6,1,,3,False,True,,False,0,1.0000,0.0000,0,0.0000,False,False,19,29,1,2009-12-17 00:00:00,1,2024-03-03 11:36:16,,0,0
146,اياب و ذهاب نقدي,اياب و ذهاب نقدي,2,6,1,,3,False,False,,False,0,1.0000,0.0000,0,0.0000,False,False,22,29,1,2009-12-17 00:00:00,1,2024-03-03 11:36:16,,0,0
147,حق غذا,حق غذا,2,5,1,,3,False,False,,False,1,10000.0000,0.0000,1,1.0000,False,False,23,29,1,2009-12-17 00:00:00,1,2024-03-03 11:36:16,,0,0
148,ساير مطالبات,ساير مطالبات,2,6,1,,2,False,False,,False,0,1.0000,0.0000,0,0.0000,False,False,25,29,1,2009-12-17 00:00:00,1,2024-03-03 11:36:16,,0,0
149,پس انداز,پس انداز,3,4,1,,2,False,False,,False,3,1.0000,0.0000,1,1.0000,True,False,28,30,1,2009-12-17 00:00:00,1,2024-03-03 11:36:16,,0,0
150,كاركرد حق غذا,كاركرد حق غذا,1,1,1,,0,False,False,,False,0,1.0000,0.0000,0,0.0000,False,False,51,28,1,2009-12-17 00:00:00,1,2024-03-03 11:36:16,,0,0
151,درصد پاداش,درصد پاداش,1,3,1,,0,False,False,,False,0,1.0000,0.0000,0,0.0000,False,False,48,28,1,2009-12-17 00:00:00,1,2024-03-03 11:36:16,,0,0
152,كاركرد نوبتكاري 35 %,كاركرد نوبتكاري 35 %,1,1,1,,0,,,,,,1.0000,0.0000,,,,False,49,29,1,2009-12-17 00:00:00,1,2024-03-03 11:36:16,,0,0
153,ماليات دستي,Inputed Tax,3,6,1,,2,False,False,,False,0,1.0000,0.0000,0,0.0000,False,True,50,1,1,2024-03-20 00:00:00,1,2024-03-20 00:00:00,,,0
154,حق تاهل,Spouse Allowance,2,4,1,,3,True,True,,False,1,1.0000,0.0000,2,,False,True,7,1,1,2024-10-20 00:00:00,1,2024-10-20 00:00:00,,,0
155,پايه سنوات,Length Of Service Allowance,2,4,1,,3,True,True,,False,1,1.0000,0.0000,1,30.0000,False,True,8,1,1,2024-10-20 00:00:00,1,2024-10-20 00:00:00,,,0
500,مزاياي قراردادي عادي 1,مزاياي قراردادي عادي 1,2,4,1,,0,True,True,,False,1,1.0000,0.0000,1,30.0000,,False,53,8,1,2010-03-08 16:41:58.797000,1,2024-03-03 11:36:16,,0,0
501,مزاياي قراردادي عادي 2,مزاياي قراردادي عادي 2,2,4,1,,0,True,True,,False,1,1.0000,0.0000,1,30.0000,,False,54,8,1,2010-03-08 16:41:58.797000,1,2024-03-03 11:36:16,,0,0
502,مزاياي قراردادي عادي 3,مزاياي قراردادي عادي 3,2,4,1,,0,True,True,,False,1,1.0000,0.0000,1,30.0000,,False,55,8,1,2010-03-08 16:41:58.797000,1,2024-03-03 11:36:16,,0,0
503,پشت ليست,پشت ليست,2,4,2,,0,False,False,,False,1,1.0000,0.0000,1,30.0000,,True,56,9,1,2010-03-08 16:41:58.797000,1,2024-03-03 11:36:16,,0,0
504,مزاياي قراردادي فوق العاده 2,مزاياي قراردادي فوق العاده 2,2,4,2,,0,False,False,,False,1,1.0000,0.0000,1,30.0000,,False,57,8,1,2010-03-08 16:41:58.797000,1,2024-03-03 11:36:16,,0,0
505,مزاياي قراردادي فوق العاده 3,مزاياي قراردادي فوق العاده 3,2,4,2,,0,False,False,,False,1,1.0000,0.0000,1,30.0000,,False,58,8,1,2010-03-08 16:41:58.797000,1,2024-03-03 11:36:16,,0,0
506,مزاياي ورود دستي عادي 1,مزاياي ورود دستي عادي 1,2,6,1,,0,True,True,,False,,1.0000,0.0000,,,,False,59,8,1,2010-03-08 16:41:58.797000,1,2024-03-03 11:36:16,,0,0
507,مزاياي ورود دستي عادي 2,مزاياي ورود دستي عادي 2,2,6,1,,0,True,True,,False,,1.0000,0.0000,,,,False,60,8,1,2010-03-08 16:41:58.797000,1,2024-03-03 11:36:16,,0,0
508,مزاياي ورود دستي عادي 3,مزاياي ورود دستي عادي 3,2,6,1,,0,True,True,,False,,1.0000,0.0000,,,,False,61,8,1,2010-03-08 16:41:58.797000,1,2024-03-03 11:36:16,,0,0
509,مزاياي وروددستي فوق العاده 1,مزاياي وروددستي فوق العاده 1,2,6,2,,0,False,False,,False,,1.0000,0.0000,,,,False,62,8,1,2010-03-08 16:41:58.797000,1,2024-03-03 11:36:16,,0,0
510,مزاياي وروددستي فوق العاده 2,مزاياي وروددستي فوق العاده 2,2,6,2,,0,False,False,,False,,1.0000,0.0000,,,,False,63,8,1,2010-03-08 16:41:58.797000,1,2024-03-03 11:36:16,,0,0
511,مزاياي وروددستي فوق العاده 3,مزاياي وروددستي فوق العاده 3,2,6,2,,0,False,False,,False,,1.0000,0.0000,,,,False,64,8,1,2010-03-08 16:41:58.797000,1,2024-03-03 11:36:16,,0,0
512,كسور قراردادي عادي 1,كسور قراردادي عادي 1,3,4,1,,0,False,False,,False,3,1.0000,0.0000,1,1.0000,,False,65,8,1,2010-03-08 16:41:58.797000,1,2024-03-03 11:36:16,,0,0
513,كسور قراردادي عادي 2,كسور قراردادي عادي 2,3,4,1,,0,False,False,,False,3,1.0000,0.0000,1,1.0000,,False,66,8,1,2010-03-08 16:41:58.797000,1,2024-03-03 11:36:16,,0,0
514,كسور قراردادي عادي 3,كسور قراردادي عادي 3,3,4,1,,0,False,False,,False,3,1.0000,0.0000,1,1.0000,,False,67,8,1,2010-03-08 16:41:58.797000,1,2024-03-03 11:36:16,,0,0
515,كسورات پشت ليست,كسورات پشت ليست,3,4,2,,0,False,False,,False,3,1.0000,0.0000,1,1.0000,,True,68,9,1,2010-03-08 16:41:58.797000,1,2024-03-03 11:36:16,,0,0
516,كسور قراردادي فوق العاده 2,كسور قراردادي فوق العاده 2,3,4,2,,0,False,False,,False,3,1.0000,0.0000,1,1.0000,,False,69,8,1,2010-03-08 16:41:58.797000,1,2024-03-03 11:36:16,,0,0
517,كسور قراردادي فوق العاده 3,كسور قراردادي فوق العاده 3,3,4,2,,0,False,False,,False,3,1.0000,0.0000,1,1.0000,,False,70,8,1,2010-03-08 16:41:58.797000,1,2024-03-03 11:36:16,,0,0
518,كسور ورود دستي عادي 1,كسور ورود دستي عادي 1,3,6,1,,0,False,False,,False,,1.0000,0.0000,,,,False,71,8,1,2010-03-08 16:41:58.797000,1,2024-03-03 11:36:16,,0,0
519,كسور ورود دستي عادي 2,كسور ورود دستي عادي 2,3,6,1,,0,False,False,,False,,1.0000,0.0000,,,,False,72,8,1,2010-03-08 16:41:58.797000,1,2024-03-03 11:36:16,,0,0
520,كسور ورود دستي عادي 3,كسور ورود دستي عادي 3,3,6,1,,0,False,False,,False,,1.0000,0.0000,,,,False,73,8,1,2010-03-08 16:41:58.797000,1,2024-03-03 11:36:16,,0,0
521,كسور وروددستي فوق العاده 1,كسور وروددستي فوق العاده 1,3,6,2,,0,False,False,,False,,1.0000,0.0000,,,,False,74,8,1,2010-03-08 16:41:58.797000,1,2024-03-03 11:36:16,,0,0
522,كسور وروددستي فوق العاده 2,كسور وروددستي فوق العاده 2,3,6,2,,0,False,False,,False,,1.0000,0.0000,,,,False,75,8,1,2010-03-08 16:41:58.797000,1,2024-03-03 11:36:16,,0,0
523,كسور وروددستي فوق العاده 3,كسور وروددستي فوق العاده 3,3,6,2,,0,False,False,,False,,1.0000,0.0000,,,,False,76,8,1,2010-03-08 16:41:58.797000,1,2024-03-03 11:36:16,,0,0
524,مزاياي قراردادي عادي بدون احتساب غيبت 1,مزاياي قراردادي عادي بدون احتساب غيبت 1,2,4,1,,0,True,True,,False,1,1.0000,0.0000,1,30.0000,,False,77,8,1,2010-03-08 16:41:58.797000,1,2024-03-03 11:36:16,,0,0
525,مزاياي قراردادي عادي بدون احتساب غيبت 2,مزاياي قراردادي عادي بدون احتساب غيبت 2,2,4,1,,0,True,True,,False,1,1.0000,0.0000,1,30.0000,,False,78,8,1,2010-03-08 16:41:58.797000,1,2024-03-03 11:36:16,,0,0
526,مزاياي قراردادي عادي بدون احتساب غيبت 3,مزاياي قراردادي عادي بدون احتساب غيبت 3,2,4,1,,0,True,True,,False,1,1.0000,0.0000,1,30.0000,,False,79,8,1,2010-03-08 16:41:58.797000,1,2024-03-03 11:36:16,,0,0
600,كاركرد 1,كاركرد 1,1,1,1,,0,False,False,,False,,1.0000,0.0000,,,,False,81,6,1,2009-12-17 00:00:00,1,2024-03-03 11:36:16,,0,0
601,كاركرد 2,كاركرد 2,1,1,1,,0,False,False,,False,,1.0000,0.0000,,,,False,82,6,1,2009-12-17 00:00:00,1,2024-03-03 11:36:16,,0,0
602,كاركرد 3,كاركرد 3,1,1,1,,0,False,False,,False,,1.0000,0.0000,,,,False,83,6,1,2009-12-17 00:00:00,1,2024-03-03 11:36:16,,0,0
603,مزاياي مرتبط با كاركرد 1,مزاياي مرتبط با كاركرد 1,2,4,1,,0,True,True,,False,1,1.0000,0.0000,1,30.0000,,False,84,7,1,2009-12-17 00:00:00,1,2024-03-03 11:36:16,,0,0
604,مزاياي مرتبط با كاركرد 2,مزاياي مرتبط با كاركرد 2,2,4,1,,0,True,True,,False,1,1.0000,0.0000,1,30.0000,,False,85,7,1,2009-12-17 00:00:00,1,2024-03-03 11:36:16,,0,0
605,مزاياي مرتبط با كاركرد 3,مزاياي مرتبط با كاركرد 3,2,4,1,,0,True,True,,False,1,1.0000,0.0000,1,30.0000,,False,86,7,1,2009-12-17 00:00:00,1,2024-03-03 11:36:16,,0,0
606,مزاياي قراردادي ثابت بدون ارتباط با كاركرد 1,مزاياي قراردادي ثابت بدون ارتباط با كاركرد 1,2,4,1,,0,True,True,,False,3,1.0000,0.0000,1,1.0000,,False,87,4,1,2009-12-17 00:00:00,1,2024-03-03 11:36:16,,0,0
607,مزاياي قراردادي ثابت بدون ارتباط با كاركرد 2,مزاياي قراردادي ثابت بدون ارتباط با كاركرد 2,2,4,1,,0,True,True,,False,3,1.0000,0.0000,1,1.0000,,False,88,4,1,2009-12-17 00:00:00,1,2024-03-03 11:36:16,,0,0
608,مزاياي قراردادي ثابت بدون ارتباط با كاركرد 3,مزاياي قراردادي ثابت بدون ارتباط با كاركرد 3,2,4,1,,0,True,True,,False,3,1.0000,0.0000,1,1.0000,,False,89,4,1,2009-12-17 00:00:00,1,2024-03-03 11:36:16,,0,0
